logins_per_week,avg_session_min,avg_quiz_score,avg_assignment_score,late_submission_rate,missed_deadlines,forum_posts,days_since_last_login,at_risk
4.6,26.5,90.7,78.8,0.2,3,4,0.0,0
1.9,25.6,82.3,91.0,0.11,4,2,4.0,0
5.5,54.9,100.0,89.5,0.04,1,10,0.0,0
5.9,40.0,48.8,55.2,0.08,1,3,0.0,0
0.1,31.8,68.0,62.4,0.39,4,0,9.0,1
1.4,42.5,65.1,77.9,0.33,5,6,6.0,0
4.3,3.4,42.4,48.4,0.18,4,6,1.0,1
3.4,34.4,87.9,79.8,0.18,3,3,2.0,0
4.0,65.0,67.9,60.6,0.21,1,2,5.0,0
2.3,37.0,83.1,87.9,0.06,1,0,1.0,1
5.8,36.0,100.0,97.9,0.06,1,4,0.0,0
5.6,43.2,66.7,65.3,0.28,2,7,1.0,0
4.1,48.4,65.7,75.9,0.21,3,1,7.0,1
6.3,5.0,73.8,67.8,0.18,1,4,0.0,0
4.9,9.8,86.8,87.5,0.17,5,7,6.0,0
2.3,38.2,63.5,71.1,0.15,3,4,6.0,0
4.7,24.3,62.5,69.0,0.14,2,4,1.0,0
2.1,54.7,87.9,86.6,0.44,5,2,2.0,0
5.8,30.3,77.7,75.4,0.07,4,6,11.0,1
3.9,6.0,41.3,27.4,0.13,1,2,0.0,0
3.6,16.0,53.6,45.2,0.6,8,1,1.0,1
2.6,2.0,94.5,97.0,0.39,1,3,5.0,1
6.4,31.5,78.0,76.9,0.21,1,2,3.0,0
3.7,32.2,60.6,61.2,0.29,3,1,1.0,1
3.1,28.6,69.4,77.7,0.22,4,4,0.0,1
3.3,51.2,72.2,62.7,0.4,4,4,10.0,1
5.1,53.0,83.0,81.1,0.14,3,6,7.0,0
4.7,32.4,51.6,53.1,0.13,0,4,0.0,0
4.8,3.0,59.4,53.8,0.18,1,7,0.0,1
4.9,44.3,76.1,87.6,0.43,2,6,0.0,0
8.3,43.3,70.5,77.8,0.09,3,6,0.0,0
3.2,39.6,80.6,82.9,0.39,5,2,0.0,0
3.0,49.7,53.6,68.0,0.24,7,2,2.0,0
2.4,17.5,77.4,65.4,0.16,2,5,0.0,0
5.2,65.1,88.4,88.3,0.45,2,2,0.0,0
6.3,20.6,79.3,82.2,0.12,1,5,0.0,0
3.8,46.2,74.1,66.8,0.41,6,3,0.0,1
2.3,9.7,70.6,73.0,0.35,3,1,1.0,1
2.4,21.0,59.5,50.6,0.23,0,3,7.0,1
5.3,57.7,70.9,76.4,0.67,6,3,0.0,0
5.5,31.1,90.9,99.4,0.09,1,7,5.0,0
5.1,47.6,70.2,72.4,0.14,3,7,0.0,0
2.7,38.6,58.7,43.9,0.33,6,0,8.0,1
4.5,33.4,64.6,56.9,0.45,4,5,8.0,1
4.2,55.5,75.0,79.5,0.55,4,6,1.0,0
4.4,31.5,66.4,66.6,0.44,3,9,0.0,0
5.7,8.3,79.3,57.7,0.35,1,4,3.0,0
4.4,23.0,79.8,89.7,0.49,8,4,0.0,1
5.4,43.3,85.3,86.4,0.06,3,5,0.0,0
4.1,40.9,93.4,86.8,0.13,2,2,11.0,0
4.6,11.5,86.9,94.9,0.08,0,1,0.0,0
5.3,24.1,58.0,52.6,0.25,4,2,2.0,1
1.1,26.3,58.4,52.9,0.33,2,1,3.0,1
3.4,29.5,70.9,73.8,0.1,2,1,0.0,0
3.1,14.4,65.2,79.4,0.34,3,0,1.0,1
2.7,25.6,54.9,67.9,0.24,4,3,0.0,1
3.4,24.1,65.4,68.3,0.23,1,0,0.0,1
7.0,46.6,64.9,68.6,0.28,4,6,0.0,0
2.3,47.1,61.9,68.2,0.24,1,1,0.0,0
5.9,32.8,67.3,57.2,0.22,3,5,0.0,1
0.6,29.1,89.7,94.9,0.07,1,1,0.0,0
3.3,37.1,75.0,69.1,0.1,1,1,0.0,0
4.3,22.8,100.0,100.0,0.07,1,2,0.0,0
5.2,17.8,74.6,72.8,0.14,1,7,0.0,0
5.4,20.9,67.6,71.6,0.37,4,2,4.0,1
5.6,25.5,72.1,73.0,0.12,3,6,0.0,1
3.3,17.5,75.8,51.2,0.18,1,1,1.0,0
3.1,37.4,78.5,79.9,0.29,4,3,6.0,0
5.7,45.9,100.0,100.0,0.24,1,7,0.0,0
3.6,11.2,59.3,62.9,0.17,3,3,0.0,1
1.4,35.4,84.9,84.1,0.31,2,0,0.0,1
1.7,31.7,75.1,88.2,0.29,2,1,0.0,0
2.2,40.1,48.4,50.9,0.4,4,1,0.0,0
5.0,34.8,83.6,87.1,0.15,1,3,11.0,0
4.3,13.2,91.0,99.4,0.15,4,3,2.0,0
5.4,16.1,59.1,62.0,0.24,3,7,0.0,0
3.1,35.4,71.9,64.7,0.14,3,4,1.0,0
4.3,50.4,46.1,26.6,0.03,0,5,0.0,0
5.3,2.0,53.1,49.3,0.3,4,3,8.0,1
3.4,40.2,87.7,93.8,0.48,2,4,8.0,1
4.9,52.8,65.0,62.2,0.2,5,3,4.0,0
2.7,32.7,55.4,61.8,0.22,5,1,0.0,0
3.3,43.3,75.4,76.6,0.15,3,1,0.0,0
3.2,24.5,64.2,74.5,0.46,6,2,4.0,1
1.6,33.2,64.9,62.5,0.05,0,3,3.0,1
5.0,10.7,83.1,86.8,0.43,4,4,0.0,0
3.1,2.0,54.6,58.6,0.42,8,1,0.0,1
4.0,49.1,58.4,70.4,0.23,2,4,0.0,1
5.0,20.2,74.3,60.6,0.15,3,6,17.0,1
4.9,28.2,86.5,82.8,0.37,2,5,5.0,0
5.3,14.2,90.6,97.4,0.36,5,5,9.0,1
3.8,13.9,62.0,74.4,0.26,3,0,0.0,1
3.2,32.4,86.1,88.0,0.06,1,0,7.0,0
3.8,24.1,60.2,57.9,0.51,3,1,3.0,1
0.6,40.7,99.4,100.0,0.2,3,0,13.0,0
1.1,41.8,55.0,61.9,0.3,4,1,1.0,1
1.4,39.8,91.9,89.0,0.04,2,0,7.0,0
2.0,38.6,62.2,64.8,0.05,1,1,5.0,0
4.8,58.7,100.0,100.0,0.07,3,3,7.0,0
2.2,19.0,80.9,96.0,0.3,3,2,4.0,1
3.2,34.2,56.8,62.7,0.43,1,2,3.0,1
6.6,52.0,64.2,64.6,0.05,1,6,2.0,0
3.3,54.0,83.7,83.3,0.24,3,3,1.0,0
5.5,13.7,87.8,92.3,0.46,1,5,4.0,0
2.1,30.3,70.9,70.0,0.03,2,2,1.0,0
3.6,55.4,72.7,74.2,0.5,3,5,5.0,1
2.1,42.6,83.4,74.9,0.16,4,1,1.0,0
3.3,37.9,74.0,84.4,0.5,8,0,11.0,1
5.7,31.7,52.6,43.5,0.18,1,4,7.0,1
0.5,29.2,59.8,56.3,0.29,3,0,1.0,1
4.9,39.3,75.5,76.3,0.22,2,3,2.0,0
4.5,31.2,90.2,100.0,0.14,2,0,0.0,0
2.8,34.4,96.2,92.8,0.13,1,2,3.0,0
1.1,36.2,83.7,78.4,0.19,1,1,0.0,0
4.1,24.8,76.3,71.9,0.28,0,1,0.0,0
2.9,43.0,83.2,96.5,0.44,2,3,9.0,0
4.5,78.7,62.0,39.5,0.19,5,8,0.0,0
4.0,8.3,69.7,61.7,0.51,6,3,0.0,1
7.2,39.9,59.6,81.5,0.43,3,4,4.0,1
3.5,23.6,53.3,58.0,0.26,2,1,0.0,1
2.0,43.7,77.0,68.2,0.22,3,1,2.0,0
4.4,35.7,74.8,74.5,0.33,3,2,2.0,0
4.4,46.4,82.3,82.8,0.09,3,9,0.0,0
6.7,52.6,80.2,87.0,0.09,2,6,4.0,0
5.7,37.9,75.6,90.3,0.19,3,7,5.0,0
4.7,52.0,80.3,83.4,0.2,1,5,1.0,0
6.9,2.0,71.4,67.1,0.3,2,7,3.0,1
1.6,58.9,78.2,84.5,0.18,3,1,8.0,0
2.7,40.6,61.1,55.5,0.51,2,0,5.0,1
2.1,51.2,77.5,69.2,0.08,0,3,4.0,0
3.2,16.7,82.0,67.9,0.29,2,5,0.0,0
1.2,22.5,62.0,49.5,0.19,4,0,3.0,1
5.3,37.2,72.8,65.6,0.44,5,7,1.0,1
3.6,34.7,62.6,53.2,0.56,1,4,0.0,1
1.1,39.2,64.1,66.6,0.1,1,2,3.0,0
2.0,51.3,55.1,45.5,0.05,1,1,2.0,0
4.6,8.5,91.0,65.9,0.17,4,4,1.0,0
5.7,49.6,88.0,79.6,0.25,2,2,0.0,0
8.0,35.1,80.1,76.3,0.12,5,5,6.0,0
9.8,31.9,100.0,95.2,0.17,0,12,6.0,0
4.8,12.9,69.2,81.4,0.2,1,4,6.0,0
2.0,42.5,100.0,95.1,0.43,5,3,0.0,0
0.0,2.0,68.6,75.6,0.08,1,0,4.0,0
4.5,44.7,75.8,75.6,0.14,4,4,0.0,0
2.4,12.6,66.0,65.7,0.13,1,3,0.0,0
3.2,35.8,77.6,70.9,0.26,2,4,6.0,1
2.8,33.2,84.5,84.0,0.41,2,4,0.0,0
3.7,52.5,70.3,64.2,0.22,5,4,0.0,0
6.1,32.3,98.7,100.0,0.16,2,4,0.0,1
4.3,24.6,75.6,73.7,0.08,3,1,7.0,0
3.7,27.4,76.1,68.5,0.26,4,2,1.0,1
1.9,54.1,58.4,66.3,0.17,2,1,10.0,0
0.7,43.0,78.3,81.7,0.13,0,0,3.0,0
3.0,29.2,70.0,66.4,0.17,4,1,3.0,1
3.9,31.5,62.9,64.1,0.13,1,3,4.0,0
7.5,11.5,60.4,59.7,0.12,3,4,0.0,0
4.3,40.8,100.0,93.1,0.14,2,8,10.0,1
6.0,8.6,68.0,68.6,0.16,0,1,1.0,0
3.0,46.3,50.1,45.1,0.14,3,2,3.0,1
1.6,36.9,61.5,53.9,0.36,2,1,0.0,0
2.1,70.8,71.2,58.2,0.2,1,2,16.0,0
2.5,18.5,80.2,77.3,0.08,4,1,1.0,1
8.3,33.5,80.3,84.8,0.11,2,5,0.0,0
2.4,62.0,82.1,76.5,0.12,3,6,2.0,0
5.7,52.9,62.3,82.5,0.81,7,3,4.0,1
2.2,24.6,77.1,84.2,0.16,3,1,0.0,0
5.9,38.4,58.9,69.3,0.22,3,6,6.0,0
4.8,35.0,62.7,69.1,0.04,1,4,2.0,1
3.7,39.2,58.2,73.0,0.17,2,2,9.0,0
3.9,24.5,54.2,47.9,0.46,7,4,0.0,1
2.7,33.7,88.0,67.5,0.15,2,5,4.0,0
4.9,11.0,82.3,78.7,0.47,2,2,0.0,1
3.1,37.0,86.6,91.1,0.1,3,2,10.0,0
1.5,41.8,72.6,73.8,0.21,3,3,2.0,1
1.4,31.6,83.7,85.9,0.22,3,2,3.0,1
4.3,10.8,45.6,56.2,0.13,3,2,2.0,1
7.2,49.8,84.9,88.0,0.25,3,3,3.0,0
4.3,40.5,74.7,81.1,0.35,3,5,3.0,1
3.8,24.1,81.4,73.9,0.34,3,4,2.0,1
4.6,30.8,77.7,68.9,0.51,7,2,0.0,1
6.6,12.5,57.2,70.1,0.21,3,5,3.0,0
4.4,19.6,49.5,50.3,0.4,1,4,0.0,1
3.2,26.9,61.3,56.3,0.15,3,1,7.0,1
6.2,53.4,80.5,75.5,0.54,3,7,2.0,0
4.9,25.4,82.4,77.2,0.1,2,7,0.0,1
7.1,44.6,51.5,45.8,0.33,5,3,6.0,1
4.4,26.9,57.3,47.0,0.18,2,1,6.0,1
1.6,38.7,61.2,49.2,0.13,2,2,0.0,0
1.3,32.9,66.6,65.0,0.1,3,2,2.0,0
7.3,48.1,51.6,46.9,0.38,6,5,2.0,1
7.4,27.0,50.7,59.6,0.1,3,4,7.0,0
3.6,11.4,59.7,62.0,0.42,5,2,5.0,1
3.2,14.3,73.3,75.4,0.34,3,3,26.0,1
6.9,27.0,54.3,48.4,0.21,3,7,0.0,1
1.8,16.3,70.3,69.3,0.52,1,2,9.0,1
2.2,41.2,87.9,90.8,0.34,1,1,0.0,0
5.3,28.0,52.5,58.2,0.05,1,4,0.0,0
3.2,70.6,68.9,68.1,0.27,1,1,1.0,0
4.0,8.9,87.4,96.0,0.32,1,1,0.0,0
3.7,38.1,65.7,65.8,0.17,1,8,1.0,0
4.7,18.1,63.4,69.7,0.24,3,4,5.0,1
6.8,27.6,89.5,85.6,0.31,4,5,2.0,0
4.2,37.1,67.4,52.9,0.22,5,5,4.0,0
5.3,2.0,88.6,90.7,0.15,2,6,5.0,0
0.0,38.6,78.4,84.2,0.1,1,0,1.0,0
3.9,63.5,66.9,71.5,0.49,1,4,5.0,0
2.3,28.2,79.2,82.6,0.19,3,2,7.0,1
1.6,38.9,76.8,74.0,0.32,4,4,11.0,0
2.2,50.4,87.3,80.8,0.18,2,1,0.0,0
3.3,32.5,63.8,68.2,0.4,4,1,7.0,1
5.8,26.3,72.6,76.0,0.2,0,4,9.0,0
1.3,2.0,71.1,66.6,0.43,7,0,3.0,1
4.1,44.6,82.6,91.5,0.26,4,4,2.0,0
3.0,33.3,56.6,49.5,0.05,3,2,0.0,0
3.3,19.8,87.3,82.6,0.14,3,5,4.0,0
6.0,36.9,79.0,92.1,0.23,0,6,4.0,0
5.1,26.2,52.2,59.1,0.23,2,2,0.0,0
6.7,27.1,90.1,87.2,0.41,1,2,4.0,0
3.7,44.1,100.0,100.0,0.38,5,2,2.0,0
2.6,14.9,87.0,88.2,0.26,2,1,2.0,0
3.6,50.7,93.4,71.4,0.17,1,1,2.0,0
4.5,14.0,73.3,66.0,0.07,0,4,0.0,0
4.4,25.1,47.1,46.7,0.13,0,3,6.0,1
1.8,63.8,44.3,41.4,0.14,5,2,0.0,1
4.2,51.9,75.8,77.8,0.16,4,4,1.0,0
4.5,36.5,63.1,72.1,0.19,3,6,1.0,1
9.0,20.9,58.3,55.7,0.1,3,5,7.0,1
7.8,27.1,71.1,62.6,0.26,2,6,6.0,0
2.3,36.1,81.2,83.8,0.06,1,2,0.0,0
3.4,35.6,50.2,47.6,0.12,2,2,0.0,1
1.1,33.6,65.3,64.1,0.2,2,1,9.0,1
2.8,34.5,94.6,92.3,0.1,0,1,0.0,0
4.6,31.8,55.9,73.8,0.07,1,9,0.0,1
6.4,13.4,85.0,67.1,0.51,6,5,0.0,0
2.5,27.3,64.7,61.6,0.27,4,2,8.0,1
2.7,48.7,80.2,80.2,0.15,0,3,0.0,1
0.0,14.5,88.5,82.3,0.37,2,0,3.0,1
3.7,32.2,83.1,90.3,0.38,2,3,0.0,0
1.9,22.7,85.6,92.1,0.22,2,3,2.0,0
2.9,36.7,54.7,54.3,0.35,4,2,8.0,1
2.2,29.2,88.7,86.5,0.12,0,0,9.0,0
3.8,57.2,59.2,58.3,0.24,2,5,0.0,1
0.5,42.6,75.9,75.1,0.37,4,0,1.0,0
1.1,15.3,75.9,75.3,0.18,2,0,2.0,1
8.3,45.1,79.3,77.8,0.5,1,3,0.0,0
1.4,23.4,77.1,79.1,0.15,3,1,4.0,0
1.8,26.3,59.3,65.3,0.17,2,0,3.0,1
7.7,39.7,51.8,42.0,0.15,2,5,0.0,0
9.8,27.6,85.1,76.7,0.18,2,0,11.0,0
1.7,48.4,74.8,60.8,0.09,1,2,1.0,0
3.3,23.4,89.2,96.1,0.25,3,2,0.0,0
4.7,25.7,71.3,73.3,0.31,5,7,0.0,1
7.5,25.2,50.9,54.9,0.17,3,5,1.0,0
2.0,26.5,86.5,75.1,0.53,6,4,1.0,1
3.5,51.5,66.4,80.7,0.3,3,2,0.0,1
5.6,44.4,77.1,72.2,0.04,3,5,6.0,0
4.9,60.6,62.3,63.6,0.22,3,3,0.0,0
3.2,69.0,96.7,100.0,0.51,3,4,0.0,0
3.7,19.5,58.9,51.0,0.12,2,1,6.0,1
1.3,36.1,66.9,62.5,0.05,3,3,2.0,0
3.5,17.4,73.6,75.0,0.49,3,4,1.0,0
3.5,23.3,55.6,78.5,0.25,3,4,3.0,0
4.5,25.5,77.0,79.4,0.3,2,4,0.0,0
2.9,19.1,96.2,100.0,0.05,2,2,0.0,0
4.9,19.2,64.6,74.2,0.29,2,3,2.0,0
6.0,32.8,77.9,80.8,0.17,3,5,4.0,0
4.3,16.7,30.8,22.9,0.21,4,8,0.0,1
4.7,47.6,71.4,79.9,0.49,6,5,0.0,1
4.1,21.2,67.3,55.3,0.16,0,2,7.0,0
4.0,77.1,59.7,72.5,0.3,9,3,7.0,1
2.6,28.2,88.2,89.8,0.27,2,2,3.0,0
4.6,36.1,67.1,45.9,0.39,2,5,3.0,0
3.8,15.6,69.3,66.6,0.1,6,1,14.0,1
8.2,60.6,66.3,71.5,0.2,2,4,0.0,0
7.1,51.8,43.2,41.3,0.05,0,4,2.0,0
4.8,39.5,55.0,60.7,0.19,3,1,2.0,0
2.5,14.8,86.4,79.6,0.23,2,3,0.0,0
1.8,38.2,40.4,30.0,0.26,3,0,3.0,1
6.4,18.2,60.5,59.9,0.17,1,4,3.0,0
4.5,56.9,66.0,66.3,0.22,5,4,0.0,0
5.0,47.1,98.2,95.4,0.38,2,2,0.0,0
0.5,36.4,83.5,93.3,0.15,2,0,10.0,0
5.9,2.0,63.6,56.8,0.08,2,3,0.0,0
4.9,20.2,91.6,94.1,0.13,2,6,2.0,0
1.8,45.3,60.9,61.4,0.27,1,2,0.0,0
3.1,53.2,87.1,74.6,0.14,0,5,2.0,0
4.5,51.6,51.6,41.0,0.24,0,5,3.0,1
4.1,11.1,88.1,88.2,0.19,4,6,0.0,0
3.4,39.5,65.9,81.7,0.39,7,1,0.0,0
3.8,50.2,56.6,61.2,0.23,1,3,4.0,0
3.5,10.1,68.7,54.9,0.32,1,5,5.0,0
4.3,34.9,76.2,51.3,0.49,1,5,3.0,1
6.9,39.1,64.6,70.5,0.1,2,6,8.0,0
0.0,30.5,80.3,79.5,0.21,3,0,3.0,0
3.5,7.2,63.3,72.4,0.25,0,8,3.0,0
4.4,30.1,81.3,74.3,0.25,1,5,0.0,0
4.6,30.1,78.6,81.4,0.23,5,5,0.0,1
3.3,32.8,71.1,77.9,0.07,2,1,5.0,1
0.5,26.5,65.4,61.8,0.15,1,1,2.0,1
4.7,28.4,74.3,70.9,0.33,4,10,0.0,0
7.5,34.4,80.3,80.5,0.1,4,2,0.0,0
0.9,41.6,100.0,100.0,0.34,2,1,2.0,0
5.7,30.4,86.1,86.0,0.3,3,2,3.0,0
3.3,28.9,86.6,94.4,0.17,3,2,9.0,0
3.9,36.4,100.0,96.3,0.23,2,4,0.0,0
1.9,6.2,79.7,69.1,0.21,1,1,15.0,0
3.3,42.2,79.3,95.1,0.27,3,6,12.0,1
6.6,35.0,82.6,77.8,0.09,1,1,0.0,0
5.2,35.6,56.9,52.4,0.26,3,4,5.0,0
7.5,49.4,65.3,64.8,0.3,5,3,1.0,1
6.4,5.7,64.4,64.9,0.26,5,7,0.0,0
4.9,5.4,81.7,78.6,0.19,4,5,1.0,0
7.5,39.1,69.4,69.3,0.24,2,3,0.0,0
4.9,34.9,74.1,73.8,0.2,1,1,1.0,1
5.7,37.6,88.3,89.7,0.44,5,1,1.0,0
3.4,28.1,84.9,66.0,0.24,1,4,0.0,0
4.1,45.0,69.6,84.6,0.24,3,4,8.0,0
2.6,49.0,62.0,60.8,0.35,2,1,2.0,0
6.0,42.3,89.0,93.6,0.13,3,3,2.0,0
1.6,31.1,83.6,72.6,0.17,2,0,4.0,0
5.6,3.4,47.9,44.1,0.2,1,5,6.0,1
3.6,46.5,67.3,61.9,0.47,3,5,1.0,1
6.3,53.3,74.5,86.3,0.26,2,3,6.0,0
5.5,44.7,83.7,79.0,0.19,1,6,0.0,0
7.6,21.8,85.7,91.8,0.16,5,7,3.0,0
5.5,45.1,76.3,71.1,0.16,1,1,0.0,0
0.9,47.9,80.8,77.2,0.11,1,0,7.0,0
3.9,58.4,73.0,71.0,0.25,2,6,2.0,0
1.7,21.9,61.9,72.2,0.22,4,5,0.0,1
3.0,31.6,68.1,53.0,0.07,2,4,14.0,0
7.0,46.2,72.3,61.8,0.47,2,4,2.0,0
5.3,35.9,71.5,55.9,0.21,4,3,1.0,1
2.6,18.2,43.7,35.0,0.38,2,1,1.0,1
2.0,41.2,66.0,59.5,0.16,3,5,1.0,0
4.1,43.7,72.8,59.9,0.32,3,2,1.0,0
1.6,36.3,67.8,61.9,0.05,2,5,2.0,1
2.7,38.3,68.3,52.2,0.32,5,3,0.0,1
4.6,31.1,79.3,71.2,0.33,1,3,3.0,0
6.3,57.2,55.8,65.4,0.14,1,5,0.0,0
5.2,21.5,47.6,50.8,0.12,3,3,0.0,1
0.0,26.2,66.8,68.3,0.21,3,0,3.0,1
4.6,35.2,83.5,75.5,0.27,4,5,6.0,0
4.1,48.2,97.3,85.0,0.16,2,8,0.0,0
4.8,12.5,83.7,74.6,0.04,0,4,4.0,0
7.2,15.3,50.0,49.7,0.15,3,6,6.0,1
0.0,4.4,68.5,75.4,0.19,1,0,10.0,0
2.8,35.5,75.8,83.0,0.22,1,5,14.0,1
5.2,18.2,74.7,79.7,0.28,5,7,0.0,0
0.8,29.2,80.1,74.2,0.35,1,2,0.0,0
7.0,44.9,58.2,58.4,0.55,3,3,9.0,1
4.7,25.4,73.0,70.4,0.23,2,3,0.0,0
5.7,38.5,78.3,76.7,0.35,3,6,18.0,0
2.9,30.5,84.4,100.0,0.11,4,2,4.0,0
5.6,45.1,59.9,45.8,0.09,3,5,11.0,0
6.1,42.1,66.8,64.9,0.4,5,3,2.0,1
4.5,24.6,31.4,41.1,0.13,3,5,7.0,0
4.5,32.5,62.7,51.0,0.35,4,2,0.0,0
4.5,50.7,64.1,59.0,0.02,2,4,3.0,0
2.3,40.9,56.7,52.5,0.44,2,2,5.0,1
3.7,14.0,74.5,72.7,0.06,1,6,0.0,0
3.7,44.8,71.2,58.4,0.4,2,4,0.0,0
4.8,18.7,38.1,42.9,0.18,4,4,14.0,1
6.0,56.2,75.2,80.5,0.33,4,8,6.0,0
1.9,50.4,58.1,62.2,0.23,1,0,1.0,1
3.7,39.3,79.3,72.3,0.24,5,3,0.0,1
7.0,37.4,52.8,53.5,0.17,4,3,0.0,1
2.5,31.9,72.5,65.3,0.31,3,2,3.0,0
2.4,45.2,67.8,65.1,0.52,2,2,0.0,0
4.4,29.4,76.5,93.7,0.35,2,5,0.0,0
5.7,38.5,73.9,74.7,0.15,1,9,4.0,0
4.0,48.1,68.2,58.7,0.32,2,1,0.0,1
6.7,26.6,49.0,50.4,0.11,3,8,0.0,0
5.7,25.8,49.8,39.0,0.12,2,3,0.0,1
5.7,17.1,63.2,53.6,0.19,1,2,0.0,0
5.1,19.0,71.9,63.6,0.18,1,3,0.0,0
8.7,7.6,62.9,59.3,0.21,3,3,0.0,0
3.6,45.9,81.4,88.9,0.26,5,7,0.0,0
0.0,62.1,67.8,72.4,0.34,6,0,2.0,1
7.2,56.4,57.5,61.7,0.24,3,4,0.0,0
3.1,10.6,67.8,59.0,0.4,2,1,0.0,0
4.2,45.9,75.4,71.1,0.54,2,2,11.0,0
6.6,56.3,76.9,79.1,0.4,3,4,10.0,0
0.8,28.1,100.0,95.0,0.29,2,0,1.0,0
1.5,36.5,62.0,59.8,0.22,0,0,8.0,1
0.8,4.9,70.9,74.4,0.48,2,1,8.0,1
2.4,39.0,78.4,75.6,0.24,1,2,5.0,1
4.9,19.0,71.6,73.4,0.31,2,4,8.0,1
5.0,38.0,64.5,77.2,0.4,2,7,1.0,0
4.6,11.6,48.8,47.4,0.17,0,2,2.0,1
1.2,43.1,64.3,73.7,0.06,1,1,7.0,1
0.0,50.4,55.9,60.4,0.25,1,0,6.0,1
4.1,23.3,46.1,34.4,0.31,3,3,0.0,1
3.1,17.9,60.1,51.3,0.23,4,4,0.0,0
4.9,2.7,56.3,49.6,0.57,3,0,0.0,0
5.4,31.0,80.8,74.0,0.24,3,3,0.0,0
4.3,26.3,81.0,80.3,0.39,4,6,2.0,1
5.5,11.7,58.4,63.3,0.28,6,6,2.0,0
4.5,41.8,68.1,78.1,0.07,3,1,4.0,1
5.1,28.3,44.1,46.6,0.06,3,4,0.0,0
2.6,18.9,64.6,61.0,0.46,5,1,8.0,1
3.6,26.7,78.0,61.3,0.26,3,5,8.0,0
4.4,51.1,84.4,85.0,0.2,4,2,1.0,0
5.6,44.0,61.3,61.5,0.24,3,6,9.0,0
3.2,33.0,87.8,89.3,0.17,3,1,3.0,0
5.0,44.3,49.3,66.1,0.4,4,3,7.0,1
3.5,17.6,53.3,63.2,0.36,6,3,6.0,1
3.8,35.5,82.6,88.9,0.17,4,2,0.0,0
5.7,37.2,97.1,89.4,0.3,4,4,1.0,0
0.0,28.0,79.4,75.3,0.44,5,0,2.0,1
1.4,41.5,71.4,70.6,0.28,1,1,1.0,1
1.0,23.3,39.1,32.9,0.08,1,0,0.0,1
0.0,42.6,41.7,45.7,0.26,3,0,14.0,1
2.6,43.3,73.9,76.8,0.16,2,4,2.0,0
5.5,2.0,66.6,57.9,0.45,1,1,0.0,0
3.4,52.9,55.4,65.0,0.45,5,1,7.0,1
4.4,2.0,73.0,73.8,0.41,8,3,0.0,1
6.2,25.8,73.7,59.9,0.24,2,7,11.0,0
6.7,50.4,86.2,85.8,0.19,3,4,0.0,0
3.9,30.2,74.0,76.2,0.52,1,5,0.0,0
6.7,13.0,90.4,98.2,0.05,4,5,0.0,0
4.2,18.6,72.1,69.4,0.15,2,3,0.0,0
2.3,50.4,70.3,76.9,0.25,2,5,11.0,1
2.8,6.2,88.0,89.5,0.33,3,1,6.0,0
1.0,51.9,57.3,46.8,0.22,2,1,1.0,0
2.2,34.2,100.0,88.7,0.26,3,1,0.0,0
3.3,17.1,77.6,86.6,0.08,1,3,8.0,0
5.6,26.3,77.7,87.3,0.22,4,3,0.0,0
7.4,19.7,79.9,82.5,0.55,4,7,1.0,0
1.2,48.0,100.0,100.0,0.48,5,1,3.0,1
4.8,46.0,83.9,92.4,0.32,4,6,0.0,0
1.9,9.2,47.9,53.4,0.1,2,0,4.0,1
4.9,28.9,93.1,85.8,0.16,2,3,0.0,0
3.7,22.1,66.9,80.8,0.14,2,1,4.0,1
0.3,54.4,73.6,77.9,0.27,7,0,3.0,1
5.9,14.7,52.8,49.7,0.16,2,4,0.0,1
2.8,59.1,79.9,74.6,0.08,1,1,1.0,0
2.9,34.5,62.2,64.3,0.25,4,3,9.0,1
1.9,17.6,73.5,60.1,0.47,2,1,1.0,1
2.7,24.8,67.7,73.3,0.09,2,2,0.0,0
4.9,23.0,100.0,92.4,0.36,1,3,21.0,0
3.6,15.9,100.0,100.0,0.26,3,3,0.0,0
4.7,36.4,72.7,68.5,0.5,2,3,0.0,0
4.7,16.6,73.0,70.9,0.09,5,2,0.0,1
6.6,2.3,66.4,60.3,0.22,2,6,2.0,1
3.3,29.3,88.6,87.3,0.47,7,5,0.0,1
1.0,8.0,67.1,82.2,0.31,5,0,3.0,1
6.1,23.7,65.7,76.8,0.27,2,7,3.0,0
3.3,21.4,86.7,89.5,0.16,2,6,0.0,0
6.2,21.9,63.9,63.7,0.52,9,8,2.0,1
4.8,65.0,71.4,78.2,0.31,3,7,5.0,0
3.7,35.8,48.3,57.3,0.37,6,4,0.0,1
4.7,38.7,82.6,76.0,0.44,3,4,5.0,0
7.9,8.4,100.0,99.4,0.33,3,9,0.0,0
8.2,25.2,82.8,68.2,0.45,9,7,0.0,0
4.1,38.2,93.9,100.0,0.23,4,2,0.0,0
4.3,19.6,59.3,75.8,0.47,3,3,0.0,1
6.2,48.6,75.5,76.1,0.06,1,8,0.0,0
2.3,17.0,57.9,40.9,0.45,5,1,2.0,1
4.7,30.7,68.6,73.5,0.09,0,6,3.0,0
3.9,26.2,83.6,76.4,0.24,10,2,4.0,1
4.6,37.5,73.5,68.2,0.6,5,3,10.0,0
2.3,25.4,50.8,55.8,0.13,3,1,3.0,1
0.8,30.9,52.3,54.3,0.49,6,1,2.0,1
0.0,31.5,51.3,47.4,0.18,4,1,13.0,1
1.8,24.0,79.4,74.2,0.13,4,3,1.0,0
3.1,42.3,100.0,100.0,0.24,6,6,0.0,0
3.4,38.6,92.4,89.1,0.28,5,1,2.0,0
7.9,33.7,43.6,34.7,0.26,2,8,0.0,0
6.2,28.5,93.3,90.6,0.12,0,4,0.0,0
2.1,46.9,86.0,88.7,0.36,1,3,0.0,0
4.7,31.5,48.8,47.4,0.2,3,5,3.0,1
3.2,30.4,67.5,56.2,0.2,7,0,5.0,1
3.4,36.6,88.4,96.3,0.4,3,5,2.0,0
4.4,60.4,80.3,58.4,0.49,3,2,0.0,0
5.2,14.9,52.4,48.8,0.35,3,6,0.0,1
3.3,46.5,81.2,76.2,0.16,0,3,2.0,0
6.1,6.6,39.9,41.1,0.43,2,5,0.0,1
1.7,38.3,68.7,73.2,0.1,4,2,2.0,0
4.0,58.6,89.1,98.1,0.07,2,3,0.0,0
9.2,42.3,72.3,66.6,0.07,2,10,2.0,0
4.4,37.6,64.5,69.2,0.12,4,4,0.0,0
6.9,26.6,85.3,86.9,0.29,3,5,1.0,0
4.2,35.5,86.6,72.9,0.4,4,0,0.0,0
5.2,31.2,91.7,100.0,0.16,0,6,0.0,0
3.9,23.2,85.1,73.6,0.43,1,1,0.0,0
3.7,30.7,88.2,91.6,0.05,2,3,5.0,0
2.4,38.0,83.0,86.1,0.34,3,2,4.0,0
4.9,23.5,76.0,78.2,0.14,4,5,0.0,1
2.3,22.9,73.3,69.3,0.2,7,1,12.0,1
5.3,14.6,68.4,75.0,0.24,3,4,5.0,0
6.2,40.9,53.8,41.3,0.26,6,4,2.0,1
4.7,43.2,57.7,57.2,0.28,4,4,1.0,0
3.4,38.5,67.8,63.3,0.12,6,1,2.0,0
4.9,49.5,75.6,70.2,0.25,3,6,2.0,0
3.4,36.3,93.6,97.0,0.13,3,0,1.0,0
5.9,40.9,71.4,80.0,0.08,3,5,2.0,0
0.3,39.6,87.1,84.4,0.26,3,0,0.0,1
3.3,33.6,88.2,94.4,0.23,2,3,8.0,0
0.0,27.0,68.5,68.9,0.06,3,1,3.0,1
1.0,68.2,80.9,73.8,0.11,2,1,0.0,0
6.7,28.2,68.3,66.2,0.06,3,5,8.0,0
5.8,25.0,91.8,89.4,0.47,7,5,0.0,0
2.6,41.5,81.5,75.9,0.08,6,2,0.0,0
1.0,38.8,54.1,57.5,0.24,2,0,0.0,0
0.0,13.9,74.4,76.3,0.22,3,0,10.0,1
2.9,51.8,96.7,84.0,0.43,3,2,0.0,0
8.8,33.6,69.3,56.1,0.04,2,9,0.0,0
4.9,18.3,78.7,82.1,0.47,6,0,0.0,1
2.9,52.8,80.2,73.7,0.37,4,3,0.0,0
4.9,44.4,56.5,58.9,0.29,2,3,2.0,0
0.9,16.0,79.7,85.9,0.3,4,0,1.0,0
3.4,61.7,51.1,40.9,0.29,1,2,2.0,0
4.2,44.9,62.6,51.3,0.09,2,6,3.0,0
3.8,34.8,88.1,100.0,0.22,3,1,7.0,0
5.6,58.9,77.4,80.2,0.36,4,5,0.0,1
4.7,37.4,67.4,64.0,0.34,2,2,1.0,0
5.3,34.6,78.7,71.2,0.23,4,1,0.0,0
2.6,25.1,71.1,67.0,0.17,1,2,3.0,0
5.8,43.7,72.2,62.7,0.18,7,5,3.0,1
7.3,42.1,81.9,89.0,0.05,5,9,0.0,0
2.1,35.2,61.1,54.9,0.3,3,0,2.0,0
2.2,23.2,72.6,81.3,0.09,3,2,4.0,0
6.7,36.9,67.3,64.1,0.13,1,3,0.0,0
3.6,34.0,48.2,39.9,0.03,1,5,3.0,0
6.8,15.0,58.2,54.8,0.1,4,9,1.0,0
3.1,12.9,95.5,74.5,0.15,2,2,6.0,0
6.9,43.5,77.8,76.8,0.07,0,9,1.0,0
4.3,2.0,52.1,50.7,0.44,7,3,0.0,1
4.5,38.1,48.9,55.5,0.04,2,9,0.0,0
7.1,27.8,70.3,55.2,0.15,0,8,4.0,0
3.3,54.6,95.4,100.0,0.09,2,7,8.0,0
2.1,27.6,69.2,75.8,0.21,2,1,0.0,0
3.1,44.9,91.6,100.0,0.29,6,3,12.0,0
4.9,29.0,77.3,76.9,0.23,3,6,0.0,0
0.9,36.7,79.1,87.2,0.33,3,0,1.0,1
5.3,46.1,52.0,40.2,0.5,1,3,0.0,0
2.9,28.1,86.1,91.8,0.04,0,1,1.0,1
6.3,49.9,67.0,60.8,0.24,1,5,1.0,0
0.0,20.1,84.9,71.7,0.53,5,0,14.0,1
2.4,39.4,59.8,50.8,0.1,1,2,3.0,0
0.6,48.8,74.7,74.7,0.16,1,2,0.0,0
2.3,44.9,77.3,70.7,0.15,3,2,5.0,1
4.5,63.7,69.7,72.7,0.23,2,3,0.0,0
3.6,23.5,78.1,63.6,0.12,2,3,4.0,0
3.5,14.3,68.0,51.0,0.27,2,2,0.0,1
3.7,20.1,62.3,73.3,0.22,1,2,1.0,0
4.4,44.9,96.1,100.0,0.35,9,2,1.0,0
2.0,42.5,87.7,79.3,0.24,2,1,5.0,0
5.4,36.5,60.6,60.6,0.54,6,8,1.0,1
5.3,18.2,80.5,88.7,0.12,1,1,12.0,0
4.8,46.5,60.9,64.3,0.45,2,4,0.0,1
5.1,16.6,54.2,55.4,0.07,1,7,0.0,0
4.6,52.4,87.5,96.3,0.12,0,2,9.0,0
8.1,77.9,46.4,40.6,0.3,5,8,7.0,1
3.8,40.5,85.9,86.1,0.12,1,6,1.0,0
3.4,43.7,68.2,68.1,0.28,2,3,0.0,0
2.5,27.6,68.8,66.6,0.15,5,1,0.0,1
1.9,7.8,78.1,75.0,0.08,3,1,3.0,0
1.5,26.0,80.7,81.3,0.23,0,2,1.0,0
2.2,18.6,59.6,59.9,0.07,0,1,11.0,1
3.9,13.3,82.8,74.4,0.17,1,6,4.0,0
4.7,60.8,73.7,80.1,0.17,4,2,0.0,1
4.1,39.1,53.2,45.4,0.42,5,3,0.0,0
2.5,40.7,69.5,67.8,0.22,1,0,20.0,1
5.8,30.4,92.7,90.3,0.45,6,3,1.0,0
5.5,32.4,97.1,100.0,0.14,2,2,5.0,0
3.7,49.5,82.8,65.8,0.5,4,2,0.0,1
2.7,34.5,54.1,61.2,0.29,2,1,0.0,1
5.1,43.0,79.4,74.0,0.14,6,3,0.0,0
4.4,32.1,84.8,94.6,0.14,2,1,6.0,0
1.1,29.9,82.9,79.1,0.23,1,1,0.0,0
3.9,13.9,83.8,83.4,0.32,5,5,10.0,1
4.5,5.3,77.4,92.7,0.11,2,6,6.0,0
2.2,31.1,70.9,68.7,0.46,3,2,3.0,1
4.4,35.8,62.9,72.8,0.09,0,5,0.0,0
1.1,15.7,43.5,43.8,0.06,0,1,0.0,1
6.7,34.5,77.1,80.4,0.13,0,3,0.0,0
6.5,35.8,74.8,75.4,0.54,4,7,2.0,1
3.5,2.7,80.4,87.2,0.17,4,1,1.0,0
4.7,21.3,51.9,46.4,0.2,2,7,1.0,0
0.0,41.1,81.7,73.8,0.38,2,0,6.0,1
1.7,40.8,100.0,94.9,0.22,7,1,1.0,1
3.4,17.7,73.2,74.0,0.44,4,5,2.0,1
1.9,37.4,71.1,69.3,0.11,4,2,1.0,1
5.4,50.3,76.6,82.3,0.42,9,6,0.0,1
8.0,46.7,100.0,100.0,0.29,2,7,0.0,0
1.6,33.6,56.6,48.8,0.01,1,2,0.0,1
2.3,28.0,75.0,69.1,0.26,6,1,0.0,1
4.5,25.6,60.0,48.5,0.16,1,5,0.0,0
7.2,42.0,63.8,80.0,0.23,4,8,0.0,0
1.6,37.9,71.3,73.7,0.1,7,1,4.0,1
4.5,44.4,92.2,96.0,0.41,2,9,7.0,0
7.6,37.0,99.0,88.3,0.51,1,7,0.0,0
0.7,47.3,78.7,78.7,0.12,1,1,8.0,0
1.4,36.4,66.4,70.5,0.33,4,0,0.0,0
3.2,46.8,100.0,98.0,0.21,2,3,0.0,0
3.0,48.1,65.6,74.2,0.15,6,4,9.0,0
5.6,22.9,63.4,81.9,0.24,1,2,1.0,1
4.5,7.9,45.4,37.8,0.23,4,6,0.0,1
0.5,58.2,92.9,84.7,0.18,2,0,6.0,0
5.0,38.8,86.5,79.5,0.42,1,0,0.0,0
2.8,9.3,100.0,100.0,0.25,3,3,3.0,0
6.5,24.3,51.2,59.5,0.35,4,7,3.0,0
2.7,46.6,93.9,92.8,0.26,6,3,1.0,0
2.7,30.8,73.1,73.4,0.14,2,3,17.0,0
5.1,27.3,84.1,77.6,0.3,8,4,0.0,0
5.5,56.0,47.3,54.4,0.22,3,2,12.0,1
4.9,19.3,94.0,91.0,0.47,4,2,5.0,0
0.6,23.0,83.8,81.7,0.37,3,1,0.0,0
5.1,38.2,71.4,76.3,0.58,9,5,0.0,1
1.9,40.9,81.7,80.2,0.49,1,2,0.0,0
4.5,42.4,60.5,58.6,0.15,3,2,0.0,0
1.2,48.7,63.3,63.4,0.12,3,2,0.0,0
4.9,38.0,65.0,71.4,0.06,4,7,4.0,1
2.4,42.3,44.2,57.4,0.13,5,3,5.0,1
1.4,31.1,84.9,89.6,0.26,1,2,0.0,0
5.4,35.9,89.9,96.3,0.24,1,1,0.0,0
4.5,36.6,61.5,59.9,0.09,0,2,7.0,0
2.8,38.2,77.2,71.5,0.25,3,1,2.0,0
6.9,46.6,68.0,73.2,0.26,4,3,7.0,0
3.1,43.3,76.9,78.3,0.23,1,2,0.0,0
4.1,35.7,62.6,51.2,0.12,1,0,9.0,0
4.5,22.9,58.7,56.1,0.43,2,5,0.0,0
2.8,36.0,87.8,87.1,0.2,3,6,2.0,0
4.9,34.6,71.0,66.9,0.19,2,5,0.0,0
2.9,37.9,100.0,100.0,0.1,5,4,0.0,0
3.2,68.1,72.7,76.5,0.6,6,2,0.0,1
6.7,27.1,58.1,69.1,0.29,4,8,0.0,1
1.9,41.3,90.4,92.5,0.14,5,0,1.0,0
0.0,51.0,81.5,82.2,0.23,0,1,5.0,0
7.2,36.5,82.9,75.4,0.29,1,7,0.0,0
9.1,70.1,89.9,90.0,0.22,2,8,5.0,0
3.2,29.3,62.2,62.3,0.32,4,3,0.0,0
0.1,39.9,70.1,59.2,0.12,1,0,2.0,0
3.4,23.0,69.4,65.1,0.16,2,4,5.0,1
3.4,29.7,52.6,50.0,0.28,3,2,0.0,1
3.6,38.7,68.0,71.3,0.46,4,3,9.0,1
1.8,47.7,92.0,95.7,0.15,3,1,2.0,0
5.2,39.8,75.6,70.9,0.26,3,6,6.0,0
5.0,53.9,51.8,55.6,0.33,5,1,1.0,1
1.0,33.6,48.7,47.2,0.23,5,1,3.0,1
5.4,30.0,97.0,74.0,0.09,3,8,2.0,0
8.1,75.6,70.6,66.7,0.67,6,8,1.0,0
4.3,40.9,62.3,70.9,0.11,2,8,1.0,0
3.3,24.2,67.9,54.4,0.25,2,4,4.0,1
3.7,24.6,49.8,50.7,0.13,1,7,7.0,0
5.2,20.9,93.3,100.0,0.21,2,3,2.0,0
0.5,49.0,66.1,60.0,0.22,3,0,8.0,1
4.3,29.5,92.5,92.5,0.11,1,2,2.0,0
3.2,36.9,72.8,62.4,0.09,3,3,7.0,0
7.7,34.0,93.4,100.0,0.16,4,11,0.0,0
3.7,46.0,75.9,75.2,0.21,5,3,1.0,1
7.3,22.3,84.8,85.2,0.39,6,5,1.0,0
1.8,18.9,82.8,93.6,0.12,2,2,0.0,0
5.2,38.4,81.3,86.6,0.19,2,5,8.0,0
4.6,44.0,77.2,70.2,0.17,3,1,3.0,0
2.3,40.0,68.5,63.3,0.24,1,3,2.0,0
4.4,22.9,100.0,100.0,0.41,3,3,0.0,0
6.4,45.2,58.4,53.4,0.31,1,7,2.0,0
3.4,23.8,72.1,55.2,0.17,4,6,0.0,0
0.6,27.2,72.2,71.8,0.34,6,1,0.0,1
4.0,20.8,78.0,66.2,0.07,3,3,2.0,0
2.2,54.5,65.6,78.5,0.17,3,4,0.0,0
3.3,44.5,76.7,78.1,0.32,3,2,0.0,0
3.8,44.1,69.5,62.3,0.3,1,2,5.0,1
0.6,53.7,48.3,42.7,0.17,2,3,38.0,1
0.8,77.2,72.1,57.0,0.16,1,3,4.0,0
5.0,9.4,55.5,46.7,0.07,1,4,5.0,1
3.0,23.9,46.0,54.1,0.24,2,7,0.0,1
0.0,25.8,74.1,92.0,0.09,3,0,2.0,1
5.6,22.2,79.3,85.1,0.12,2,7,6.0,0
4.5,18.8,79.9,79.2,0.25,3,1,3.0,0
2.6,30.5,80.5,77.0,0.56,2,1,10.0,1
1.4,16.8,43.0,35.3,0.28,1,2,1.0,1
5.7,40.0,51.6,68.1,0.23,5,4,0.0,0
4.7,35.8,100.0,98.5,0.05,3,5,4.0,0
8.8,42.2,56.3,73.2,0.17,1,7,0.0,0
4.8,42.6,81.2,92.3,0.6,0,2,0.0,0
4.8,44.0,61.7,47.8,0.21,1,3,8.0,0
3.7,29.4,73.2,67.9,0.38,3,1,5.0,1
5.6,66.8,62.5,57.1,0.25,5,1,0.0,1
5.3,38.5,80.4,79.8,0.28,3,4,2.0,0
6.5,7.1,74.1,73.6,0.38,1,7,1.0,0
3.0,20.0,65.3,89.3,0.35,3,2,8.0,1
3.1,8.9,56.2,47.6,0.02,1,3,1.0,0
3.0,35.3,76.0,77.8,0.02,2,3,0.0,0
5.6,33.2,53.8,58.7,0.17,2,4,3.0,0
7.0,28.0,78.4,78.4,0.47,3,3,1.0,0
3.1,65.2,100.0,100.0,0.29,2,1,1.0,0
3.2,43.2,92.3,83.9,0.25,4,2,28.0,1
4.6,45.9,82.8,83.7,0.17,1,4,3.0,0
3.5,21.0,70.7,74.8,0.13,4,4,1.0,0
5.9,20.0,42.9,45.5,0.09,1,2,0.0,1
0.0,35.6,52.2,56.8,0.63,3,0,10.0,1
2.3,37.6,91.2,100.0,0.18,1,1,0.0,0
2.4,7.2,60.2,67.7,0.11,2,2,7.0,0
0.0,32.3,61.5,62.1,0.18,3,1,1.0,0
2.1,35.2,69.5,60.1,0.43,1,2,0.0,1
2.2,31.8,56.1,51.3,0.38,6,5,2.0,1
3.6,22.8,53.6,51.8,0.49,3,3,3.0,1
6.2,26.9,71.2,73.2,0.17,2,8,10.0,0
3.5,32.3,58.6,54.8,0.34,1,0,0.0,0
1.9,36.4,60.9,53.4,0.16,5,3,0.0,1
3.9,44.1,60.3,50.8,0.29,5,2,0.0,1
6.1,51.2,79.8,66.6,0.07,2,6,0.0,0
2.0,30.6,68.5,66.6,0.34,2,3,1.0,1
2.2,28.2,69.3,57.5,0.62,10,1,2.0,1
5.1,41.6,81.0,73.0,0.14,1,6,0.0,0
3.6,44.2,69.9,66.7,0.08,3,7,6.0,0
5.3,28.5,67.8,57.1,0.68,4,4,1.0,1
4.0,46.9,79.1,82.1,0.39,3,2,0.0,0
5.4,49.7,82.0,87.9,0.27,3,7,6.0,0
1.9,54.4,69.8,65.4,0.49,7,4,1.0,1
4.0,61.7,73.2,69.7,0.41,7,7,2.0,0
3.6,22.0,60.3,64.6,0.17,4,4,9.0,1
1.6,35.2,59.1,53.4,0.1,1,1,2.0,0
0.9,35.2,83.5,77.2,0.41,1,1,0.0,0
5.4,33.5,78.7,88.3,0.1,1,9,0.0,0
3.3,25.3,78.8,85.9,0.13,3,2,23.0,0
2.0,12.7,76.2,81.0,0.54,4,2,2.0,0
3.8,36.4,72.7,80.1,0.12,5,4,1.0,1
6.3,23.5,82.4,66.6,0.23,6,5,0.0,1
0.0,36.3,86.0,96.8,0.51,4,0,2.0,1
1.0,23.1,85.7,88.8,0.05,3,0,4.0,0
2.2,18.5,70.5,78.6,0.48,1,2,15.0,1
6.9,38.5,92.8,95.9,0.05,1,6,0.0,0
4.6,37.3,75.4,75.8,0.17,4,4,2.0,0
5.5,43.7,81.5,79.3,0.08,1,4,1.0,0
1.7,67.8,76.2,79.1,0.22,2,2,0.0,0
1.8,39.2,75.7,73.2,0.21,3,0,1.0,1
4.9,42.3,61.0,67.9,0.08,1,3,4.0,0
4.1,18.8,82.5,69.8,0.26,3,5,3.0,1
5.1,15.7,100.0,95.7,0.09,6,8,0.0,0
3.6,58.7,66.4,82.8,0.3,3,2,1.0,1
4.6,21.1,73.1,68.1,0.12,3,4,0.0,0
4.3,19.3,65.3,63.4,0.29,3,2,3.0,1
5.6,34.4,64.7,57.6,0.07,2,4,0.0,0
5.6,33.6,95.2,97.9,0.22,1,5,2.0,0
0.8,21.5,61.9,56.0,0.12,3,0,2.0,1
0.0,30.4,64.9,63.4,0.16,1,0,3.0,1
6.0,53.4,48.2,55.0,0.28,4,2,4.0,0
6.4,22.9,60.6,55.0,0.09,1,7,3.0,1
2.0,14.1,46.4,52.7,0.03,1,2,2.0,0
0.3,49.1,81.5,88.1,0.02,3,0,0.0,0
4.2,42.4,100.0,100.0,0.21,0,4,3.0,0
5.9,25.7,66.5,67.6,0.38,5,7,5.0,1
7.6,11.3,47.0,72.9,0.39,2,2,6.0,0
5.0,23.8,85.5,93.9,0.42,4,5,2.0,0
3.3,34.2,61.1,63.7,0.17,4,3,0.0,1
2.2,52.5,91.5,84.5,0.61,3,1,1.0,0
4.0,19.5,67.8,67.0,0.49,3,1,0.0,1
3.4,33.7,62.5,73.9,0.48,2,1,0.0,0
2.0,45.1,69.3,83.0,0.13,1,1,6.0,0
8.1,2.0,83.4,95.2,0.41,5,6,0.0,0
7.6,50.5,68.6,74.9,0.27,2,3,0.0,0
6.3,17.3,64.5,54.5,0.15,2,4,0.0,0
2.2,40.0,69.0,72.9,0.5,5,2,5.0,1
5.7,38.7,52.9,43.0,0.09,2,7,10.0,1
5.3,51.3,78.0,66.1,0.09,0,5,0.0,0
4.9,43.3,45.2,47.1,0.31,2,0,0.0,0
6.5,2.0,65.3,69.5,0.12,3,7,0.0,1
5.3,23.2,83.4,90.6,0.16,1,3,4.0,1
5.5,37.1,76.5,80.5,0.16,0,6,5.0,0
5.3,32.1,80.9,85.2,0.35,4,4,2.0,0
4.7,42.2,71.0,63.1,0.55,7,2,0.0,1
0.4,46.8,89.5,88.7,0.3,3,0,1.0,0
4.2,44.1,85.9,73.8,0.23,0,1,3.0,0
2.9,31.8,78.7,62.7,0.21,2,2,8.0,0
1.4,7.3,85.9,91.8,0.22,3,1,29.0,1
7.4,28.2,83.3,77.3,0.29,2,5,5.0,0
7.5,41.2,65.4,72.4,0.06,3,8,2.0,1
6.7,18.6,51.8,60.7,0.17,1,4,0.0,0
4.5,44.5,78.3,73.3,0.1,4,4,1.0,0
6.7,48.6,80.2,84.9,0.18,2,3,4.0,0
4.0,36.9,88.4,83.1,0.28,6,4,20.0,0
4.4,2.0,58.0,43.2,0.26,3,5,2.0,1
1.8,15.8,58.4,59.4,0.51,1,1,2.0,1
4.8,63.3,78.9,75.1,0.37,2,5,1.0,1
4.1,26.8,70.9,67.4,0.03,0,3,1.0,0
1.4,5.2,43.7,59.5,0.29,3,2,2.0,0
3.9,53.5,77.6,65.4,0.45,1,0,0.0,0
3.8,35.2,44.2,47.3,0.33,1,1,1.0,1
7.6,51.6,57.8,49.8,0.4,0,5,1.0,0
5.8,39.2,92.3,99.6,0.33,1,6,2.0,0
4.0,41.9,99.4,100.0,0.41,3,5,1.0,0
4.5,40.4,53.8,56.8,0.28,6,7,3.0,1
4.1,45.5,67.1,59.5,0.27,3,4,0.0,1
3.6,69.2,72.6,66.5,0.35,4,4,0.0,0
1.8,49.6,98.7,100.0,0.16,0,5,1.0,0
3.7,11.3,64.6,78.8,0.13,3,3,1.0,0
2.5,41.7,64.8,68.6,0.25,1,4,3.0,0
1.5,52.1,95.2,88.0,0.18,0,2,1.0,1
5.0,53.0,66.4,69.1,0.42,2,4,5.0,1
4.8,28.6,82.8,100.0,0.55,4,2,1.0,0
0.4,52.5,49.8,50.6,0.11,3,0,7.0,1
3.8,48.9,69.4,81.1,0.03,3,1,6.0,1
6.0,73.6,47.1,41.2,0.11,2,9,6.0,0
6.1,23.7,56.2,55.9,0.15,1,6,2.0,0
6.1,27.4,84.6,89.6,0.51,3,6,5.0,0
4.1,30.4,71.3,74.5,0.44,3,4,17.0,1
2.3,27.6,67.2,61.1,0.1,2,2,4.0,0
1.8,21.6,60.8,54.3,0.4,1,0,0.0,1
4.7,2.0,68.7,76.6,0.16,2,2,0.0,0
4.8,28.5,76.5,86.0,0.16,3,2,7.0,0
6.6,40.5,86.7,98.8,0.15,3,4,0.0,0
6.2,27.6,32.6,47.0,0.49,5,4,0.0,1
3.7,64.0,59.5,60.6,0.18,2,8,2.0,0
1.5,35.2,74.4,71.9,0.21,1,3,6.0,0
3.4,54.4,70.5,81.3,0.39,1,3,1.0,0
4.4,38.9,78.1,83.8,0.08,2,5,1.0,0
3.6,47.4,76.0,68.1,0.12,6,3,0.0,0
2.8,39.2,67.4,59.1,0.06,2,1,4.0,0
4.5,55.5,64.1,68.0,0.13,1,1,1.0,1
3.0,35.8,68.3,66.9,0.07,3,1,1.0,1
2.7,42.4,89.2,89.0,0.24,1,3,0.0,0
4.6,40.5,61.0,69.6,0.21,3,4,4.0,0
3.2,30.7,71.1,77.2,0.12,2,7,0.0,0
4.5,41.1,74.8,85.4,0.04,1,2,0.0,0
4.5,68.5,95.4,79.9,0.1,1,2,10.0,0
1.7,30.9,67.5,69.5,0.43,2,3,1.0,0
3.0,41.3,86.4,92.0,0.2,4,3,0.0,1
6.9,53.9,90.5,78.3,0.41,3,5,6.0,0
1.7,52.1,71.0,65.8,0.22,1,2,0.0,0
0.0,35.2,68.8,62.1,0.32,4,0,4.0,0
0.3,2.0,67.1,67.3,0.14,1,0,3.0,0
4.1,42.8,68.2,81.2,0.3,5,5,8.0,0
4.1,2.0,84.8,100.0,0.05,2,4,0.0,0
3.8,57.0,75.5,69.0,0.43,0,4,0.0,0
6.4,37.5,75.5,79.7,0.32,3,5,0.0,1
0.0,50.0,55.1,59.6,0.34,4,0,0.0,1
4.8,21.5,57.5,60.6,0.11,5,8,0.0,1
7.1,11.7,100.0,100.0,0.31,4,14,4.0,0
1.7,38.9,69.3,71.7,0.21,3,1,8.0,1
3.2,34.5,60.4,73.9,0.13,3,2,0.0,0
2.5,27.6,93.5,100.0,0.28,3,1,4.0,0
2.2,36.3,76.2,67.7,0.1,1,0,1.0,0
3.3,76.5,80.7,87.1,0.2,3,2,0.0,0
6.9,47.5,69.9,77.0,0.03,1,2,1.0,0
7.7,50.7,67.2,69.7,0.43,3,7,0.0,0
3.3,47.7,69.5,78.6,0.22,1,2,4.0,0
7.8,57.2,51.3,52.8,0.19,1,5,0.0,0
4.1,32.1,70.7,72.3,0.29,1,6,1.0,0
7.5,4.2,76.4,77.4,0.4,4,8,1.0,0
3.8,32.2,99.8,83.7,0.1,3,1,2.0,0
4.3,47.2,73.3,72.7,0.35,1,4,0.0,0
4.7,20.5,37.0,31.7,0.11,1,3,5.0,1
10.4,32.4,70.6,61.1,0.3,1,7,10.0,0
5.7,24.6,100.0,100.0,0.09,1,6,0.0,0
2.6,57.5,85.0,89.0,0.05,3,4,0.0,0
5.9,46.2,59.8,59.6,0.09,0,1,0.0,0
3.3,44.8,80.9,76.4,0.14,2,2,0.0,0
3.0,44.3,60.9,63.3,0.32,4,1,3.0,0
5.8,34.4,51.7,59.6,0.19,4,5,2.0,1
4.1,38.0,66.8,60.2,0.35,4,6,0.0,0
4.6,17.2,73.4,73.4,0.16,0,1,3.0,0
4.0,2.2,43.9,50.8,0.15,3,3,9.0,0
4.7,37.3,54.8,39.3,0.4,3,5,0.0,0
4.8,39.9,72.2,71.7,0.07,1,3,0.0,0
0.1,53.1,65.9,62.5,0.21,2,0,0.0,1
5.3,58.6,77.9,76.8,0.13,4,4,7.0,0
2.0,58.5,53.8,49.8,0.27,3,0,4.0,1
1.1,20.0,82.7,83.8,0.43,4,1,3.0,1
3.9,29.7,54.2,69.6,0.31,4,1,2.0,1
4.2,42.2,96.6,94.0,0.14,2,7,0.0,0
2.6,73.0,46.3,48.6,0.07,2,1,4.0,1
5.7,57.2,55.6,71.6,0.22,4,5,1.0,0
1.3,51.8,78.3,73.9,0.4,4,0,1.0,1
3.2,29.2,97.0,100.0,0.21,1,3,1.0,0
2.8,21.8,76.7,76.7,0.18,6,0,0.0,0
3.9,46.8,80.4,94.7,0.22,1,5,14.0,1
4.6,18.5,72.3,78.3,0.44,5,6,3.0,1
2.0,31.4,56.6,59.1,0.07,1,4,2.0,0
5.4,33.3,64.6,64.1,0.38,2,3,0.0,0
4.1,58.9,53.8,48.8,0.5,2,4,0.0,0
0.2,29.7,52.8,53.4,0.51,3,0,9.0,1
0.1,2.0,78.0,85.2,0.27,3,0,6.0,1
4.0,42.6,55.2,55.1,0.14,3,5,0.0,1
3.6,24.5,76.8,74.3,0.41,1,3,0.0,1
3.8,35.6,52.5,50.5,0.14,3,4,3.0,0
3.9,33.7,76.4,84.3,0.02,1,2,3.0,0
4.5,30.9,64.7,74.5,0.28,3,7,0.0,0
5.9,46.9,93.1,87.8,0.19,2,3,1.0,0
1.8,12.0,76.9,71.6,0.56,2,0,4.0,1
1.7,27.2,90.5,93.5,0.11,3,3,7.0,1
1.8,45.3,60.7,72.9,0.14,1,3,0.0,1
4.6,25.8,72.8,82.0,0.51,4,6,0.0,1
6.5,10.9,57.3,47.3,0.2,4,9,2.0,0
3.1,45.0,65.8,63.7,0.29,2,3,0.0,0
0.0,51.8,68.1,60.7,0.39,6,1,28.0,1
0.6,34.3,61.1,59.0,0.13,0,1,12.0,1
2.3,5.6,53.8,66.6,0.32,2,1,3.0,0
2.9,45.6,50.8,39.4,0.18,2,1,0.0,0
3.2,10.1,36.9,23.9,0.25,3,0,3.0,1
4.1,39.6,56.2,49.6,0.37,3,4,16.0,1
3.4,21.7,81.4,83.7,0.23,4,4,0.0,0
6.1,17.6,48.0,53.0,0.32,6,8,1.0,0
2.6,28.4,51.5,55.0,0.31,4,2,2.0,0
2.3,32.3,98.9,100.0,0.25,2,2,0.0,0
5.0,25.3,62.5,48.4,0.16,2,4,3.0,1
0.9,43.8,76.8,86.3,0.28,4,1,1.0,1
4.8,28.3,81.6,79.1,0.24,2,2,2.0,0
4.2,49.7,81.9,87.8,0.22,2,6,0.0,0
3.7,39.2,49.2,38.6,0.34,2,1,9.0,1
7.2,24.5,68.5,68.5,0.34,5,4,8.0,0
2.8,22.0,47.7,49.6,0.23,2,0,14.0,1
8.1,10.3,100.0,100.0,0.13,4,3,0.0,0
3.5,39.4,48.1,35.4,0.22,3,4,9.0,0
1.4,29.7,56.3,56.5,0.42,5,2,5.0,1
4.1,2.0,56.4,47.7,0.31,2,7,0.0,1
1.8,27.0,49.6,53.6,0.43,2,0,1.0,1
2.5,21.5,92.3,98.5,0.61,9,1,4.0,1
4.8,58.6,100.0,100.0,0.25,4,4,0.0,0
5.1,9.5,64.9,60.6,0.29,3,7,0.0,0
2.8,13.4,52.2,59.6,0.2,3,2,0.0,1
6.0,51.6,38.4,49.3,0.58,4,8,9.0,1
6.3,55.4,68.3,55.2,0.67,4,9,0.0,0
6.9,23.8,67.3,72.2,0.23,2,7,0.0,0
5.1,25.5,62.2,69.9,0.15,2,3,0.0,0
6.7,44.2,75.3,73.2,0.12,3,7,7.0,0
0.2,2.0,77.9,68.2,0.3,1,0,4.0,1
3.4,7.1,76.8,84.3,0.21,4,2,1.0,1
2.3,30.8,67.3,57.7,0.34,2,0,6.0,0
4.2,58.2,55.5,54.1,0.2,1,4,2.0,0
2.9,28.5,82.0,81.7,0.22,3,0,5.0,0
3.7,36.5,72.2,77.9,0.37,3,4,2.0,0
7.8,52.0,85.3,80.3,0.36,0,5,2.0,1
3.7,66.6,83.9,78.4,0.31,7,3,4.0,0
4.8,26.3,50.7,51.5,0.55,2,3,0.0,1
3.5,34.7,50.5,58.6,0.22,1,1,2.0,0
4.2,62.3,60.7,79.0,0.24,8,1,0.0,1
4.0,12.2,56.2,44.1,0.08,0,4,0.0,0
4.9,50.4,83.3,85.8,0.27,3,6,0.0,0
6.3,19.7,77.3,68.6,0.19,2,3,1.0,1
7.3,36.5,88.5,96.7,0.11,2,7,11.0,0
4.6,31.4,77.9,70.4,0.38,5,0,7.0,1
5.2,20.6,75.1,69.7,0.31,4,4,2.0,1
1.7,20.3,90.0,85.3,0.7,4,0,13.0,1
3.8,39.1,79.0,78.4,0.52,7,2,0.0,1
5.9,49.9,73.0,75.6,0.03,0,4,0.0,0
5.7,33.1,94.2,98.1,0.35,3,1,0.0,1
4.4,36.1,73.7,73.7,0.22,4,4,3.0,0
5.8,43.6,67.4,56.8,0.05,4,1,6.0,0
5.0,20.4,59.4,65.2,0.14,4,2,3.0,1
6.4,46.1,82.5,82.1,0.21,2,2,0.0,0
4.6,47.3,90.6,99.9,0.54,2,0,11.0,0
3.3,74.1,71.2,65.5,0.2,3,3,0.0,0
4.7,29.4,91.6,78.8,0.15,7,4,7.0,0
0.0,28.1,42.4,42.1,0.05,1,0,1.0,1
4.8,46.5,71.2,81.6,0.1,4,8,10.0,1
0.0,47.3,71.4,72.7,0.21,2,0,1.0,0
0.6,27.0,61.1,59.5,0.32,5,0,2.0,1
4.9,29.0,100.0,93.0,0.07,1,2,0.0,0
5.0,43.1,71.0,85.1,0.24,2,2,0.0,0
1.7,22.6,65.9,57.7,0.37,3,0,0.0,1
2.6,28.8,72.4,66.6,0.08,1,3,1.0,0
6.7,36.3,42.0,46.6,0.33,4,8,7.0,1
3.0,49.9,60.6,45.8,0.24,2,5,10.0,1
8.5,25.9,86.7,96.9,0.2,2,4,9.0,0
4.0,7.4,62.6,67.6,0.15,1,5,0.0,0
4.8,6.3,59.6,66.8,0.16,1,3,0.0,0
7.2,16.1,91.6,96.1,0.46,6,7,9.0,0
4.3,15.3,92.1,90.8,0.29,2,5,7.0,1
2.0,32.7,79.8,71.3,0.55,2,1,5.0,1
3.8,17.2,65.2,64.1,0.3,4,9,12.0,1
3.9,24.5,68.4,60.6,0.11,2,4,7.0,1
1.3,23.4,59.9,63.8,0.42,2,0,5.0,1
3.5,28.4,57.1,63.6,0.34,3,5,5.0,1
2.5,54.8,56.3,68.1,0.51,3,2,0.0,1
5.8,44.9,62.7,65.7,0.26,4,4,0.0,1
4.1,35.2,56.5,63.9,0.51,7,5,7.0,1
3.4,28.1,48.5,46.1,0.14,0,4,0.0,0
3.8,28.5,75.3,71.5,0.13,3,3,2.0,1
4.4,39.9,75.5,79.3,0.33,5,6,0.0,0
5.2,43.8,97.5,94.4,0.16,1,2,2.0,1
2.0,21.4,62.0,64.2,0.47,2,1,0.0,1
1.9,35.5,76.4,67.9,0.09,1,3,14.0,0
6.2,4.5,76.7,69.6,0.08,2,2,2.0,0
3.2,38.2,68.2,73.3,0.18,3,3,3.0,0
1.2,46.4,83.2,90.3,0.07,4,3,0.0,0
4.9,30.8,83.6,75.7,0.26,4,3,6.0,1
4.9,62.2,76.9,82.3,0.17,0,7,0.0,0
0.9,21.8,68.2,63.9,0.07,0,0,1.0,0
4.5,38.3,66.6,66.7,0.02,2,2,11.0,0
5.5,34.5,51.5,62.8,0.16,3,2,0.0,0
4.7,33.5,59.9,66.4,0.01,1,6,9.0,0
5.3,33.3,62.7,69.1,0.13,1,4,5.0,0
1.2,36.6,55.1,70.4,0.33,0,0,7.0,1
4.7,47.7,78.6,73.0,0.33,6,2,8.0,0
3.4,55.7,89.9,82.0,0.42,8,4,2.0,0
3.0,35.0,58.4,52.6,0.22,2,1,5.0,1
5.7,47.2,76.3,74.3,0.34,2,5,11.0,0
7.0,24.5,56.5,37.7,0.08,0,1,0.0,0
7.6,46.5,67.4,65.7,0.28,3,0,10.0,1
6.6,23.6,61.6,57.2,0.34,6,5,1.0,0
3.8,51.4,81.0,87.3,0.15,6,3,0.0,0
4.7,68.2,61.8,64.6,0.37,3,3,1.0,1
5.5,33.2,87.2,82.4,0.19,2,5,0.0,0
4.2,2.1,68.3,73.0,0.23,3,4,0.0,0
4.3,26.8,62.3,68.1,0.04,0,2,0.0,0
5.6,53.5,53.2,47.1,0.36,1,2,0.0,0
3.9,43.3,75.8,71.9,0.37,4,2,0.0,0
2.5,38.7,85.4,67.6,0.2,1,5,1.0,0
3.2,50.1,76.1,67.4,0.44,1,2,10.0,0
5.3,42.3,100.0,94.1,0.12,5,4,3.0,0
4.0,53.3,93.4,94.0,0.38,0,3,9.0,0
4.7,48.8,67.4,59.8,0.15,2,9,1.0,0
5.3,57.8,67.2,63.1,0.36,2,1,0.0,1
3.3,40.4,79.0,69.2,0.13,2,1,15.0,0
5.5,48.6,59.4,60.8,0.14,0,9,1.0,0
4.8,30.4,89.5,92.9,0.06,3,2,1.0,0
1.5,26.0,77.4,80.6,0.17,2,0,1.0,0
6.9,60.6,75.8,75.9,0.54,6,8,5.0,0
3.0,38.2,82.3,70.0,0.06,2,3,0.0,0
0.7,47.1,97.8,92.8,0.05,1,0,0.0,0
1.9,36.9,74.6,71.3,0.43,5,1,0.0,0
2.0,26.2,70.3,67.1,0.43,4,1,1.0,1
4.1,35.2,94.6,95.2,0.19,2,5,7.0,0
3.5,56.5,86.5,97.9,0.05,2,2,2.0,0
3.3,43.3,67.2,73.7,0.12,3,1,6.0,1
5.2,9.3,72.1,64.2,0.16,2,5,7.0,0
4.7,31.8,74.9,80.3,0.22,1,7,0.0,0
4.6,61.7,77.4,82.5,0.21,3,5,1.0,0
4.8,31.8,51.7,45.3,0.07,1,8,3.0,1
5.2,8.0,48.9,55.7,0.43,1,4,3.0,0
0.0,63.4,58.7,57.4,0.18,1,0,0.0,0
3.3,45.2,57.5,46.2,0.14,3,1,1.0,0
0.0,33.9,62.3,65.9,0.14,4,0,1.0,0
4.1,29.4,81.5,83.2,0.06,1,2,0.0,0
4.0,51.2,69.5,67.7,0.43,1,6,2.0,0
6.1,26.9,74.9,74.6,0.08,2,8,0.0,0
6.4,52.2,53.6,47.8,0.2,2,6,2.0,0
4.4,43.1,65.1,70.0,0.39,1,3,2.0,0
3.0,38.7,80.8,80.5,0.07,4,2,1.0,1
5.0,37.2,80.9,82.2,0.22,4,6,0.0,0
2.9,32.4,61.1,64.0,0.25,0,3,0.0,1
4.0,50.7,74.4,65.2,0.2,2,2,0.0,0
6.0,22.0,100.0,92.8,0.27,2,6,0.0,0
2.9,10.7,71.7,54.0,0.12,0,3,1.0,0
5.6,44.2,61.6,66.1,0.19,5,8,0.0,0
5.4,44.5,69.4,59.7,0.3,2,8,1.0,0
2.1,42.2,73.4,74.5,0.28,4,0,2.0,1
5.9,41.1,69.7,72.7,0.19,3,3,5.0,0
5.4,30.2,71.5,76.3,0.25,3,11,6.0,1
4.2,46.8,50.3,40.7,0.1,4,2,3.0,0
2.5,34.3,57.6,57.1,0.25,3,0,0.0,0
2.3,27.7,69.8,83.2,0.21,5,1,2.0,0
2.9,30.3,69.5,83.2,0.67,6,4,1.0,1
5.1,65.3,63.5,71.4,0.07,2,4,0.0,0
2.1,9.0,69.3,72.0,0.36,4,1,7.0,1
4.9,42.5,72.9,64.9,0.32,3,3,0.0,0
1.5,9.8,85.3,91.0,0.04,2,0,0.0,0
3.6,33.4,70.5,69.2,0.23,2,0,0.0,1
4.2,28.5,78.0,82.5,0.42,1,5,1.0,0
8.9,3.7,63.9,58.8,0.26,1,5,16.0,0
1.2,40.8,80.6,79.2,0.46,5,0,0.0,1
6.9,29.3,77.6,78.9,0.33,3,6,5.0,0
4.3,3.5,85.0,87.0,0.2,4,6,5.0,0
4.8,47.6,82.7,86.6,0.02,1,5,0.0,0
4.2,56.5,80.8,76.2,0.36,1,7,0.0,0
4.9,57.4,70.5,59.8,0.34,2,2,7.0,0
3.7,40.4,75.7,88.7,0.59,8,6,3.0,0
6.9,35.7,88.0,100.0,0.46,3,8,18.0,1
3.1,54.9,62.2,65.8,0.17,3,1,5.0,0
6.3,60.2,62.6,52.0,0.36,3,7,10.0,1
2.7,52.0,74.7,68.5,0.27,5,3,3.0,1
3.9,20.9,78.2,82.3,0.15,7,0,2.0,0
1.9,38.0,59.6,70.3,0.22,4,3,5.0,0
4.9,41.6,70.9,61.2,0.3,4,6,1.0,1
6.9,7.9,70.6,69.6,0.15,3,5,3.0,0
3.8,42.0,38.8,40.4,0.35,1,3,0.0,1
3.6,69.1,68.7,75.6,0.24,5,5,4.0,1
1.8,44.6,69.6,66.9,0.47,4,1,1.0,1
3.5,57.1,69.6,57.1,0.22,1,2,0.0,0
0.8,37.7,93.2,98.2,0.07,1,0,1.0,0
2.2,33.9,53.8,62.8,0.27,4,2,3.0,1
4.5,40.7,59.6,58.9,0.34,4,2,11.0,0
6.6,22.8,32.8,36.0,0.17,4,5,0.0,1
9.6,20.5,64.8,61.0,0.27,3,6,0.0,0
2.8,54.0,66.1,59.3,0.1,0,3,4.0,0
6.9,55.6,64.4,72.6,0.18,2,2,0.0,1
4.5,20.1,88.6,91.7,0.14,1,3,0.0,0
3.7,49.5,84.9,88.8,0.23,5,6,0.0,0
4.9,33.7,73.2,85.2,0.28,1,4,2.0,0
4.1,40.1,66.4,58.0,0.56,4,2,1.0,1
4.2,41.9,87.4,83.0,0.06,1,6,0.0,0
3.2,49.9,71.7,73.0,0.6,6,2,2.0,1
1.2,36.2,59.7,55.2,0.2,1,0,9.0,1
0.9,56.2,46.3,52.6,0.14,2,0,6.0,1
5.3,39.6,65.4,63.9,0.43,6,1,0.0,1
3.4,44.4,83.3,75.4,0.5,4,3,0.0,0
2.8,22.5,100.0,100.0,0.54,6,3,0.0,1
4.0,67.4,72.9,74.3,0.55,6,3,11.0,1
5.6,42.0,60.5,68.0,0.05,1,9,0.0,0
4.4,45.7,54.2,57.3,0.31,1,2,0.0,0
2.7,10.9,80.3,84.0,0.26,1,2,1.0,1
6.5,22.7,45.5,48.1,0.4,4,6,0.0,0
7.2,53.6,80.3,78.8,0.22,4,7,0.0,0
5.0,39.3,84.3,78.6,0.32,4,3,4.0,0
5.9,6.3,78.5,80.8,0.12,2,5,2.0,0
6.5,50.6,68.7,66.0,0.38,2,7,2.0,0
6.3,26.8,80.5,94.0,0.01,1,6,0.0,0
5.2,56.2,74.6,85.3,0.15,1,3,0.0,0
5.2,33.7,60.3,65.4,0.11,5,4,0.0,1
5.0,38.1,99.8,100.0,0.29,2,5,0.0,0
1.8,52.7,66.7,66.0,0.06,3,1,1.0,0
5.4,21.5,83.6,73.5,0.09,1,4,0.0,0
1.3,20.1,35.7,34.0,0.14,2,1,0.0,1
2.4,32.1,91.1,91.9,0.33,6,1,8.0,1
6.6,47.4,94.0,95.8,0.29,6,6,8.0,0
5.7,15.0,72.4,76.2,0.27,4,5,0.0,1
7.0,10.0,80.4,87.8,0.21,2,4,10.0,0
3.5,47.4,80.4,74.9,0.51,6,0,21.0,1
1.7,26.0,62.4,56.9,0.19,2,1,5.0,1
3.5,29.1,80.2,91.8,0.44,4,6,0.0,0
4.2,7.1,59.9,66.1,0.14,1,4,9.0,0
4.2,24.8,62.9,59.8,0.29,2,3,0.0,1
6.3,34.9,88.9,88.0,0.16,3,11,1.0,0
3.3,49.0,86.6,85.8,0.41,4,2,8.0,1
4.7,23.4,61.4,61.7,0.34,3,1,4.0,0
2.0,59.9,61.0,64.8,0.47,1,1,0.0,0
4.9,24.7,62.3,82.6,0.12,1,4,11.0,0
4.0,24.8,83.0,84.5,0.17,3,0,6.0,1
2.5,58.1,57.0,62.3,0.13,3,1,1.0,0
3.5,38.2,77.4,63.9,0.06,3,3,1.0,0
3.6,26.7,83.2,79.3,0.08,2,4,0.0,0
3.5,32.7,70.7,80.5,0.24,2,2,4.0,0
7.5,55.3,87.2,90.4,0.15,3,8,0.0,0
3.8,57.0,67.4,32.3,0.25,2,4,0.0,0
3.5,22.7,68.8,74.2,0.17,2,6,2.0,1
0.0,34.4,57.3,72.6,0.14,2,0,1.0,1
2.2,36.4,87.3,71.3,0.27,3,2,2.0,0
3.5,20.2,60.5,72.7,0.14,2,5,1.0,0
2.6,34.2,77.2,55.0,0.15,3,0,0.0,0
6.8,35.1,70.9,78.4,0.07,2,4,0.0,0
3.7,52.1,56.2,56.1,0.14,0,4,0.0,0
6.6,53.1,62.9,44.1,0.3,1,1,0.0,0
4.1,30.1,92.7,96.3,0.34,2,6,0.0,0
4.1,31.8,75.0,84.2,0.31,2,5,6.0,0
3.8,45.0,56.9,59.8,0.42,7,3,0.0,1
4.0,26.2,76.6,81.3,0.04,2,6,0.0,1
7.4,43.8,69.8,66.5,0.17,3,12,2.0,0
0.0,33.7,100.0,85.1,0.1,1,0,5.0,0
0.0,20.5,76.3,81.8,0.14,1,1,7.0,0
2.9,20.6,66.3,80.3,0.03,0,3,4.0,0
4.0,56.7,93.3,100.0,0.13,2,1,1.0,0
5.4,32.7,44.4,28.5,0.21,3,1,0.0,1
4.9,59.6,73.4,61.3,0.27,6,3,0.0,1
3.2,27.3,100.0,93.2,0.33,4,3,0.0,0
6.0,39.4,70.3,57.6,0.13,2,2,12.0,0
6.1,70.9,46.0,46.4,0.43,1,3,0.0,0
4.4,19.1,66.1,69.2,0.51,0,5,9.0,0
5.9,6.5,93.8,82.4,0.55,1,5,4.0,0
4.5,54.3,77.6,83.8,0.5,5,2,8.0,1
2.9,22.6,59.4,64.2,0.22,2,0,2.0,1
5.4,34.7,61.7,57.3,0.2,3,5,2.0,0
4.2,26.2,63.6,62.2,0.08,4,1,1.0,0
4.0,39.0,77.4,61.8,0.34,3,3,0.0,1
6.9,20.7,92.1,89.4,0.24,2,6,0.0,0
0.0,32.3,87.8,87.9,0.5,4,0,8.0,1
1.2,41.7,78.8,80.1,0.13,2,0,13.0,0
1.6,19.9,52.0,55.0,0.26,6,0,3.0,1
3.3,24.5,52.1,54.1,0.19,4,0,3.0,1
3.5,29.8,80.0,77.9,0.2,3,3,4.0,0
1.0,13.6,51.8,54.1,0.56,6,0,1.0,1
2.0,28.7,68.6,76.6,0.09,1,4,3.0,0
2.3,36.8,76.6,75.8,0.18,2,5,0.0,0
8.9,29.0,54.9,57.4,0.2,2,5,0.0,0
7.6,30.9,56.6,55.1,0.27,3,4,10.0,1
3.2,34.7,70.6,65.4,0.11,0,1,6.0,1
3.3,25.2,79.6,83.8,0.34,2,2,0.0,0
1.7,45.4,87.9,83.5,0.19,2,2,0.0,0
0.2,56.5,81.1,84.2,0.4,3,0,1.0,1
3.8,28.0,73.1,73.3,0.07,2,1,3.0,0
2.0,42.3,60.8,58.4,0.02,0,6,3.0,0
3.8,31.4,55.9,53.3,0.18,3,2,9.0,1
0.8,40.5,64.3,60.2,0.27,2,0,0.0,0
2.5,58.5,78.1,64.9,0.09,1,2,0.0,0
4.3,42.6,77.0,80.1,0.36,5,2,7.0,1
4.7,8.4,40.5,42.4,0.36,7,4,2.0,1
4.8,41.8,60.2,67.0,0.1,5,2,0.0,0
1.4,53.5,90.1,85.8,0.2,1,2,1.0,0
5.7,31.7,73.2,88.4,0.09,3,3,1.0,0
2.4,49.9,50.7,47.7,0.32,4,2,0.0,1
5.3,24.6,100.0,93.0,0.06,1,4,0.0,0
4.0,12.7,71.6,63.7,0.07,4,5,9.0,0
1.2,37.1,77.8,63.9,0.11,0,0,2.0,1
3.4,8.7,78.0,90.3,0.23,4,5,3.0,0
4.7,31.4,66.5,77.5,0.09,2,2,2.0,0
5.2,54.3,61.1,65.9,0.33,4,4,0.0,1
3.7,6.4,100.0,92.8,0.33,2,5,4.0,0
7.1,15.8,87.0,100.0,0.51,2,9,3.0,0
6.0,19.5,84.3,81.5,0.17,1,6,0.0,0
3.5,34.1,80.6,78.4,0.18,2,2,5.0,0
5.5,29.5,57.0,68.5,0.48,5,1,0.0,1
7.9,56.0,91.2,96.5,0.05,3,10,0.0,0
7.9,49.3,59.4,77.0,0.12,2,4,0.0,0
1.5,42.4,76.2,78.2,0.45,3,2,3.0,1
2.1,37.2,47.4,44.2,0.25,2,1,0.0,0
7.0,40.9,41.4,36.5,0.17,6,4,0.0,1
1.9,22.1,76.8,62.0,0.08,2,2,1.0,1
1.4,47.9,59.9,57.7,0.16,6,1,4.0,1
3.0,18.3,42.2,51.4,0.09,2,2,0.0,1
4.8,47.5,80.1,84.9,0.39,4,3,0.0,0
3.8,52.8,100.0,100.0,0.23,5,1,2.0,0
2.7,38.2,92.8,84.8,0.19,3,0,0.0,0
2.7,32.4,68.1,69.9,0.28,3,2,2.0,0
2.6,41.0,72.1,80.2,0.1,0,1,6.0,0
2.2,2.0,85.3,88.7,0.24,1,2,2.0,0
8.6,39.5,88.8,90.1,0.19,2,7,8.0,0
4.6,33.3,66.8,60.4,0.34,4,3,0.0,0
5.8,34.2,72.5,79.4,0.23,0,7,0.0,0
3.0,45.6,76.5,51.4,0.26,3,1,0.0,0
3.6,33.9,80.3,83.4,0.52,4,5,3.0,0
2.6,17.9,70.0,90.6,0.01,0,3,3.0,0
0.0,32.9,70.2,58.1,0.06,5,0,3.0,1
1.2,36.0,92.7,90.8,0.11,0,2,1.0,0
0.4,36.7,90.1,90.0,0.05,1,1,1.0,0
0.0,37.4,79.2,75.5,0.13,2,0,0.0,1
1.6,50.6,97.8,100.0,0.03,0,1,1.0,0
6.6,18.7,66.2,70.0,0.11,2,5,1.0,0
3.9,37.6,96.3,97.5,0.41,3,3,0.0,0
6.6,54.3,80.1,86.5,0.1,1,7,3.0,0
4.8,9.0,100.0,100.0,0.3,2,5,1.0,0
5.6,37.7,54.1,79.5,0.46,5,5,0.0,1
2.2,26.2,61.7,62.9,0.24,1,2,3.0,0
5.0,29.4,78.3,79.9,0.06,2,3,0.0,0
5.5,21.4,78.0,64.3,0.34,3,4,2.0,0
2.8,32.5,100.0,95.7,0.09,2,1,2.0,0
5.1,62.6,62.0,71.2,0.16,4,9,4.0,0
5.1,16.0,85.6,74.9,0.5,1,6,3.0,0
2.9,17.5,89.4,72.1,0.06,0,2,17.0,1
1.8,15.5,82.6,82.9,0.31,7,1,17.0,0
1.6,60.9,57.6,68.6,0.2,1,0,0.0,0
4.2,28.1,93.1,93.4,0.21,2,3,5.0,0
4.7,34.6,90.4,87.7,0.14,4,5,0.0,0
2.4,29.0,81.0,66.1,0.45,4,5,1.0,0
4.1,20.8,75.1,78.7,0.25,5,6,1.0,1
5.1,31.5,75.4,80.7,0.38,6,3,0.0,0
5.2,71.9,70.8,56.5,0.05,0,5,4.0,0
7.1,55.9,81.6,90.7,0.01,2,6,0.0,0
6.6,22.2,72.5,78.6,0.37,6,4,0.0,1
2.0,44.7,59.3,68.4,0.24,1,4,4.0,1
7.4,22.5,56.3,61.0,0.06,4,8,2.0,0
2.9,8.4,60.7,65.9,0.31,2,1,2.0,0
6.1,50.3,75.3,79.5,0.43,5,2,6.0,0
4.1,52.4,71.6,78.5,0.17,0,4,0.0,0
3.2,50.7,75.2,60.6,0.39,2,2,0.0,0
0.4,28.0,79.5,67.5,0.41,4,0,1.0,1
3.7,32.5,62.6,56.7,0.15,3,4,6.0,1
0.9,46.2,94.0,93.0,0.43,5,0,1.0,1
5.9,40.9,68.0,71.1,0.22,3,7,3.0,0
7.0,29.1,65.5,68.1,0.39,4,6,6.0,0
2.4,10.7,79.2,88.1,0.55,4,1,0.0,0
4.6,36.7,44.5,53.7,0.1,3,1,1.0,0
2.5,51.2,60.1,53.1,0.15,1,3,5.0,1
2.7,17.0,86.7,88.6,0.57,2,2,0.0,1
5.5,44.6,45.9,39.1,0.21,0,6,0.0,1
3.9,40.0,88.8,87.3,0.27,5,3,5.0,0
7.5,46.3,94.7,97.3,0.24,5,4,6.0,0
3.0,48.1,66.5,39.2,0.11,1,1,0.0,0
6.0,24.6,76.4,95.7,0.4,3,3,0.0,0
4.2,10.7,88.8,93.3,0.29,4,0,12.0,1
5.6,27.0,65.0,60.2,0.24,0,4,2.0,0
3.1,48.3,85.0,100.0,0.08,1,4,4.0,0
3.9,26.9,61.9,59.1,0.11,2,5,12.0,1
3.8,24.6,64.8,65.9,0.18,3,2,3.0,1
2.3,7.7,60.0,56.1,0.47,6,2,1.0,1
5.3,61.3,77.1,90.3,0.51,2,6,0.0,0
5.3,47.4,89.4,88.6,0.19,2,0,2.0,0
5.2,46.5,69.2,70.4,0.05,0,3,4.0,0
7.1,49.5,52.9,62.5,0.27,3,5,0.0,1
6.9,43.7,55.8,60.5,0.21,4,6,0.0,0
3.3,31.3,77.9,77.5,0.36,5,1,0.0,1
4.7,32.5,99.7,100.0,0.41,4,5,3.0,0
2.8,28.6,77.9,98.2,0.11,0,5,16.0,0
4.0,74.5,66.2,68.7,0.06,3,1,0.0,0
2.8,43.3,83.5,84.4,0.36,6,2,5.0,0
7.2,28.0,68.4,69.8,0.3,2,1,0.0,0
4.7,42.0,66.3,76.8,0.24,4,4,4.0,0
3.6,19.8,57.6,52.8,0.04,3,0,1.0,1
6.4,57.6,93.1,90.9,0.17,0,3,13.0,0
0.0,25.1,33.9,21.6,0.12,3,1,5.0,1
0.0,42.5,84.0,74.5,0.13,4,0,14.0,1
5.6,51.0,65.0,60.9,0.12,2,2,3.0,0
4.1,40.8,65.8,65.4,0.28,3,3,5.0,0
4.5,36.4,97.4,100.0,0.04,2,3,0.0,0
1.3,35.2,61.3,65.6,0.29,2,0,9.0,1
4.0,34.2,61.8,54.5,0.11,1,4,15.0,1
8.0,26.3,70.0,64.2,0.17,1,4,8.0,0
5.6,28.3,78.2,89.2,0.43,5,5,0.0,0
4.3,57.2,65.4,74.4,0.15,1,7,5.0,0
3.1,33.4,48.4,48.6,0.17,4,3,13.0,1
3.2,23.2,59.0,55.5,0.16,6,1,5.0,0
0.0,27.3,91.2,100.0,0.44,3,0,4.0,0
4.5,51.5,73.1,65.2,0.11,1,2,5.0,1
5.7,45.1,78.8,81.9,0.25,3,6,0.0,0
0.8,43.4,68.1,86.3,0.12,2,1,3.0,0
2.7,31.1,62.1,63.7,0.1,2,2,6.0,0
1.7,43.6,97.2,91.0,0.05,3,1,3.0,0
2.1,25.3,69.2,72.5,0.14,2,0,2.0,1
4.1,31.1,65.3,61.5,0.06,1,2,3.0,0
0.0,49.5,88.4,77.2,0.13,1,0,2.0,0
5.2,48.1,61.2,66.8,0.04,1,2,8.0,1
5.5,20.3,63.1,72.0,0.25,1,9,0.0,0
3.5,22.2,72.2,69.7,0.31,4,1,2.0,0
0.0,36.6,72.0,69.0,0.22,1,0,1.0,1
2.0,60.9,75.9,68.2,0.05,1,1,1.0,0
6.5,6.3,100.0,98.8,0.2,3,7,0.0,0
0.0,39.2,77.0,72.5,0.04,6,0,6.0,1
3.3,14.4,36.3,28.2,0.09,2,4,1.0,1
1.6,25.5,76.9,92.0,0.35,1,3,9.0,1
5.6,29.5,72.6,76.3,0.12,2,1,9.0,0
2.6,28.7,72.7,77.3,0.19,2,5,6.0,0
4.8,27.0,75.7,82.8,0.48,7,5,6.0,1
5.1,35.1,71.6,77.8,0.02,1,3,2.0,0
7.7,27.0,71.2,67.9,0.41,3,6,1.0,0
3.6,13.1,81.2,83.4,0.36,2,2,5.0,1
4.8,46.7,63.9,61.7,0.46,3,1,0.0,1
1.0,46.3,57.8,61.3,0.17,1,0,4.0,0
6.4,47.6,100.0,100.0,0.49,7,2,0.0,0
2.5,11.9,61.3,58.2,0.07,1,4,3.0,0
2.9,39.5,73.5,62.9,0.33,3,2,0.0,1
4.0,45.1,49.6,50.8,0.27,3,2,4.0,0
0.9,19.5,73.7,72.1,0.01,2,0,5.0,0
4.5,35.1,58.0,42.9,0.11,0,2,2.0,0
5.9,33.3,65.4,69.5,0.28,3,4,1.0,1
4.6,62.6,87.7,95.4,0.36,4,2,0.0,0
0.8,63.9,79.1,99.3,0.69,3,1,3.0,1
3.8,10.0,80.5,77.4,0.41,4,3,0.0,1
5.5,72.4,45.4,41.1,0.2,2,6,0.0,0
0.2,21.3,99.6,90.7,0.05,2,0,2.0,0
1.9,49.7,54.1,55.8,0.03,2,1,0.0,0
5.8,49.6,94.9,96.5,0.27,1,10,0.0,0
4.5,20.1,87.3,80.8,0.22,2,2,6.0,0
4.8,42.4,80.7,79.3,0.2,7,3,8.0,0
7.7,33.4,59.2,43.4,0.39,3,3,0.0,0
4.9,43.3,74.3,81.7,0.37,5,5,16.0,1
5.3,38.5,64.9,58.7,0.03,2,3,0.0,0
9.4,52.9,72.4,72.1,0.26,4,7,2.0,0
3.6,36.1,68.3,56.9,0.32,2,1,0.0,0
2.4,32.5,41.4,36.7,0.08,2,4,16.0,0
4.9,51.4,88.8,86.6,0.02,4,7,2.0,0
4.9,43.7,70.8,70.7,0.39,3,1,1.0,0
2.9,46.0,64.7,68.5,0.38,0,3,3.0,1
1.9,25.0,63.6,75.1,0.15,2,1,11.0,1
8.6,19.3,77.4,83.3,0.1,1,8,6.0,0
4.7,26.5,58.6,66.3,0.28,3,0,0.0,1
2.5,25.7,38.2,49.8,0.18,7,2,0.0,1
5.8,46.8,78.1,82.7,0.22,1,7,0.0,0
3.8,49.6,79.8,79.5,0.04,1,3,7.0,0
3.5,32.7,69.0,77.1,0.06,1,3,0.0,0
5.1,56.5,54.8,63.4,0.21,3,3,0.0,0
1.4,55.5,73.3,78.5,0.2,6,1,1.0,0
4.7,38.7,50.0,38.4,0.42,5,5,0.0,1
7.8,22.7,56.6,49.9,0.15,0,5,0.0,0
4.9,58.6,60.7,58.5,0.05,4,6,4.0,0
3.2,34.1,84.7,90.9,0.19,2,1,3.0,0
3.0,36.9,66.6,66.4,0.3,2,1,2.0,0
3.2,29.9,65.3,74.4,0.18,2,1,3.0,1
3.5,21.7,100.0,100.0,0.57,6,5,6.0,1
3.2,13.0,77.3,86.9,0.6,5,0,0.0,1
5.8,44.5,77.1,86.7,0.47,3,4,0.0,0
0.5,23.2,66.5,58.2,0.44,2,0,2.0,1
5.7,80.9,63.1,67.0,0.41,3,3,3.0,0
3.2,18.7,39.2,34.3,0.4,3,4,0.0,1
4.8,16.1,86.5,73.3,0.12,2,3,5.0,0
1.7,42.7,78.7,76.4,0.16,1,1,1.0,1
6.7,57.9,69.3,79.9,0.27,3,6,0.0,0
6.5,36.0,69.9,73.6,0.32,3,4,0.0,0
5.9,43.6,83.0,99.1,0.4,5,2,1.0,0
1.0,7.3,48.7,50.1,0.29,3,0,8.0,1
5.7,24.8,63.2,82.8,0.2,0,3,0.0,0
4.8,18.9,55.0,56.4,0.13,1,2,0.0,0
0.8,6.6,98.6,98.8,0.25,5,2,9.0,0
4.0,36.8,85.1,74.9,0.16,3,3,9.0,1
4.7,2.0,39.0,47.9,0.14,2,1,6.0,1
5.1,15.2,49.3,45.3,0.17,2,1,0.0,1
4.4,26.9,70.0,64.8,0.1,3,4,1.0,0
4.6,22.5,64.9,75.1,0.18,4,2,0.0,0
6.9,40.9,52.1,61.4,0.28,2,6,0.0,0
6.5,39.6,100.0,100.0,0.14,1,3,0.0,0
0.0,48.4,76.7,73.8,0.52,2,0,20.0,1
3.4,46.3,79.1,78.7,0.31,5,1,2.0,1
3.7,52.1,61.6,61.1,0.36,2,4,1.0,1
0.5,35.0,82.8,89.1,0.26,3,0,0.0,1
4.2,39.6,66.3,78.7,0.08,2,1,0.0,0
6.5,42.7,67.7,70.6,0.23,4,5,0.0,0
1.8,37.1,81.2,97.0,0.43,3,0,0.0,1
4.7,29.0,47.6,54.8,0.11,2,2,3.0,0
2.2,30.0,96.0,94.1,0.07,1,2,1.0,0
2.7,22.7,74.7,81.3,0.19,0,2,4.0,0
7.0,41.3,91.2,100.0,0.14,3,6,10.0,0
2.9,33.6,55.9,71.9,0.29,6,0,2.0,1
4.9,25.1,58.2,67.7,0.2,3,2,0.0,1
0.3,25.1,54.6,54.8,0.41,2,0,1.0,1
7.7,16.8,75.8,74.1,0.04,1,2,3.0,1
5.2,49.7,73.0,77.6,0.47,4,5,0.0,0
3.6,36.2,65.0,78.4,0.16,2,6,0.0,0
5.2,22.1,56.8,60.3,0.22,3,5,2.0,1
1.2,47.1,53.0,56.6,0.24,1,1,4.0,1
6.4,26.6,71.3,71.7,0.08,1,6,6.0,0
3.4,13.9,65.0,62.4,0.27,1,4,7.0,1
3.6,50.3,61.7,60.4,0.22,2,3,0.0,0
3.0,26.9,95.2,96.3,0.28,2,3,1.0,1
2.8,28.9,70.8,84.5,0.14,4,3,0.0,0
5.4,35.6,91.1,89.2,0.11,1,1,0.0,0
4.5,52.1,64.0,64.4,0.05,2,5,1.0,1
5.3,35.3,75.7,68.8,0.19,5,8,1.0,0
4.0,17.0,71.2,76.9,0.04,2,3,0.0,0
5.0,43.2,46.5,57.4,0.82,6,8,1.0,1
3.2,27.7,93.4,100.0,0.42,4,4,2.0,0
8.5,63.3,70.0,71.6,0.15,3,7,0.0,0
0.9,35.0,83.2,87.8,0.13,2,0,9.0,1
6.5,2.0,60.7,59.5,0.26,2,4,0.0,0
6.7,40.4,69.5,73.7,0.11,0,2,0.0,0
2.3,64.2,59.0,61.5,0.56,3,3,2.0,1
8.5,58.6,90.5,91.0,0.21,2,9,0.0,0
6.0,62.5,76.7,77.8,0.23,3,6,0.0,0
5.9,19.7,77.5,81.1,0.2,4,4,10.0,0
4.1,48.7,92.4,90.0,0.19,0,2,7.0,0
3.6,24.2,89.3,87.4,0.22,4,6,1.0,0
3.6,38.4,83.5,97.2,0.14,6,7,0.0,1
4.8,15.9,50.7,72.4,0.26,4,5,2.0,0
6.8,25.3,61.6,52.0,0.58,7,3,5.0,1
4.4,24.9,56.9,46.8,0.25,3,3,15.0,1
2.2,48.5,82.9,75.2,0.39,2,3,0.0,0
5.6,47.0,74.6,73.8,0.08,2,5,0.0,0
5.8,39.2,51.1,58.3,0.3,3,5,6.0,1
5.3,14.7,69.2,73.9,0.28,2,5,5.0,1
5.5,30.3,49.6,51.0,0.47,3,4,0.0,1
3.5,23.8,71.2,75.4,0.25,4,3,13.0,1
2.1,48.0,47.2,41.7,0.13,1,2,16.0,1
2.3,52.7,79.9,77.9,0.2,4,1,9.0,1
0.7,50.8,77.7,77.5,0.36,6,1,3.0,1
4.5,23.7,100.0,87.3,0.31,3,2,2.0,0
3.8,2.0,84.7,75.4,0.44,0,4,0.0,0
3.1,8.5,65.7,56.7,0.09,0,0,8.0,0
0.0,56.3,84.3,90.4,0.12,4,0,8.0,0
1.5,29.0,51.0,53.0,0.06,5,2,1.0,1
6.2,23.7,57.6,62.5,0.19,0,6,9.0,0
2.7,59.6,77.0,62.3,0.06,3,0,0.0,0
4.7,54.0,39.6,27.7,0.15,6,5,0.0,0
1.2,35.4,71.4,76.7,0.23,3,2,6.0,1
6.9,30.6,56.7,34.5,0.14,2,6,3.0,0
3.7,33.0,73.5,83.3,0.05,2,3,1.0,0
4.6,38.4,55.8,41.2,0.18,4,3,7.0,1
8.7,59.0,78.4,85.1,0.24,1,10,4.0,0
7.0,41.3,72.3,65.2,0.13,4,5,0.0,0
3.4,45.9,93.0,100.0,0.19,3,1,6.0,0
2.8,52.5,72.1,97.8,0.11,1,1,3.0,0
3.3,17.5,60.5,42.3,0.38,7,1,1.0,1
5.0,46.3,68.3,73.9,0.26,3,4,5.0,0
3.8,30.6,51.8,37.3,0.61,4,1,0.0,1
3.2,2.0,78.1,81.5,0.4,4,3,0.0,0
6.9,3.1,80.8,79.1,0.13,2,4,1.0,0
3.8,19.7,100.0,100.0,0.11,3,1,2.0,0
8.6,43.0,62.7,55.4,0.62,5,9,1.0,0
4.2,36.7,68.0,74.2,0.22,0,4,0.0,0
7.6,37.8,63.4,51.8,0.28,3,6,0.0,0
4.7,64.3,75.2,85.1,0.43,4,4,8.0,1
5.9,16.0,77.7,74.4,0.48,3,2,0.0,1
2.6,34.6,71.2,60.0,0.18,1,1,1.0,1
2.3,39.6,88.3,100.0,0.15,4,2,1.0,0
4.9,24.0,62.7,62.2,0.36,5,4,3.0,1
6.0,35.4,86.8,100.0,0.05,1,2,0.0,0
4.1,11.0,80.1,89.9,0.23,5,7,0.0,0
1.4,56.1,71.8,65.4,0.23,4,0,0.0,0
1.3,24.8,67.3,66.6,0.38,3,3,1.0,1
1.1,65.5,100.0,100.0,0.2,4,1,2.0,0
0.5,34.5,59.7,71.9,0.28,4,0,18.0,1
4.2,50.4,76.5,80.0,0.25,2,5,18.0,0
6.3,34.2,60.7,62.1,0.13,1,4,9.0,0
4.0,34.5,98.8,97.2,0.15,3,0,8.0,0
0.0,26.2,85.3,84.9,0.29,4,1,3.0,1
3.6,36.8,61.8,72.2,0.56,2,2,0.0,1
3.7,39.8,79.7,79.7,0.2,3,3,5.0,0
8.2,23.2,75.9,72.7,0.14,2,4,10.0,0
1.1,33.1,64.3,59.8,0.3,2,1,3.0,1
3.2,25.8,83.4,79.0,0.13,3,5,3.0,0
7.4,69.5,77.8,66.6,0.28,4,3,0.0,0
4.9,33.7,75.2,69.2,0.24,6,5,1.0,0
5.1,58.2,71.4,83.4,0.38,1,4,3.0,0
4.2,32.1,78.5,76.8,0.13,2,1,0.0,0
4.7,38.9,75.4,81.0,0.2,2,5,8.0,0
5.6,15.2,72.9,53.1,0.48,0,6,0.0,1
2.4,28.3,62.4,66.9,0.52,6,2,7.0,1
5.8,38.2,97.4,96.1,0.11,2,8,0.0,0
1.3,58.8,56.2,52.3,0.29,3,2,2.0,0
4.7,38.3,78.4,79.8,0.67,7,3,9.0,1
4.4,55.8,67.2,63.2,0.5,9,5,12.0,1
2.8,44.6,98.4,81.4,0.32,3,2,10.0,0
4.0,59.4,58.4,65.8,0.23,5,4,0.0,1
2.8,34.1,61.0,62.9,0.25,5,1,2.0,1
1.9,70.9,57.5,55.0,0.03,0,1,7.0,0
3.3,27.7,76.9,69.2,0.1,2,4,16.0,1
1.8,23.5,51.4,39.6,0.38,2,2,0.0,1
4.6,16.8,64.8,66.6,0.16,2,1,0.0,0
1.7,70.0,39.7,52.6,0.18,0,0,3.0,1
5.4,47.3,75.6,77.2,0.13,3,7,0.0,0
1.6,30.0,64.5,53.4,0.08,1,3,5.0,0
